product_id,product_name,category_id,rating,profit
0e027632-73f4-4030-92dc-18bc707a9ff8,Laptop,1,3.8,14.39
7452b95d-65f6-41d3-b2be-448f5464c03e,Smartphone,1,4.1,8.45
c1377902-6953-4db0-b4df-6e9ead2a3fad,Smartwatch,1,3.7,8.19
65ba88d0-2e69-4617-ad4e-16980522ccb7,Smartphone,1,3.2,3.4
6ac1faf8-15e7-4f67-a509-f4a4408f62ce,Tablet,1,2.5,3.95
f8c08008-82f0-4bab-97c9-a023e18a192c,Tablet,1,1.2,2.01
8d8571b4-5023-43a4-8e65-97b7d69c2736,Smartwatch,1,3.8,11.67
369cf86d-8e68-4a7a-b9f2-e2a1240bf23d,Laptop,1,2.8,13.22
d195a363-1f9d-48dc-9378-2aceb1d9e5df,Smartwatch,1,3.7,8.49
0751e74e-deb7-48d7-a819-15e07c04b893,Smartwatch,1,3.8,7.2
0c0366fd-675e-4da2-94e4-961fb67cf5e4,Smartwatch,1,1.7,12.28
a66f535b-dfaa-44ac-b88a-68c31a5cc719,Smartphone,1,1.0,5.79
035dedf8-a8a2-492c-b521-78c4674e076b,Laptop,1,4.5,14.33
6719ba7c-ca24-4e66-b8d0-74f323426197,Tablet,1,2.5,3.99
b6c07f86-757d-4813-98f8-fd31e0ec2310,Smartwatch,1,1.8,2.24
c1a7d533-070a-478b-b872-133503206624,Smartphone,1,4.0,9.61
030a9deb-bbea-4e07-a4b3-ed60e30fc5a6,Laptop,1,4.8,14.96
0d460152-6598-4519-bf9e-da1fb5550f29,Smartwatch,1,4.9,12.85
58c0011b-4eb2-4991-8aa0-04dd8e3eea2d,Smartwatch,1,2.0,6.37
51b111c5-377b-4695-80d5-8f48a4c91db1,Smartwatch,1,3.3,3.02
1716bf32-6021-4084-bfea-8cc8789c5258,Smartwatch,1,1.4,2.35
00628fc7-ffe5-42a3-b4cf-20a32a41fe33,Smartwatch,1,2.0,14.1
d4fe1709-6758-48c7-ad1b-4c5dbcf2335f,Laptop,1,4.0,7.6
c3dfdbb9-80ed-43b5-8b21-ace1159f61fc,Smartphone,1,3.6,14.49
44fa5408-4c18-48d6-90e2-e677f155d358,Laptop,1,4.6,9.95
3d3a2817-f501-492b-ad27-017f71272c8d,Laptop,1,2.6,3.29
0d823a94-fc97-4296-aaa0-fc3ca43575cc,Smartwatch,1,3.7,12.34
fed7b2fe-c246-4549-8b24-cfadf5ac36c5,Tablet,1,4.2,3.64
20cfeb8f-0e72-411e-ab9f-0d2e5bc04563,Tablet,1,4.8,13.72
2701b0af-33df-47c3-8c00-692b2d959bc4,Tablet,1,1.4,13.84
0feee3a7-9eb6-4026-9141-ad4f327d11a3,Smartwatch,1,3.4,3.74
5fb22a3f-2b97-4821-9d9c-4e4cb9e9fd5a,Smartphone,1,5.0,10.04
062a80f5-7aee-4d9a-b896-c15807ac7602,Smartphone,1,3.6,3.31
8b316c4a-404c-4112-b4c0-47d202df5fee,Laptop,1,2.7,9.04
295cecf2-bb5d-4740-8b1c-814fd379eca9,Tablet,1,4.5,13.01
c242cc72-b3d2-446b-8065-babab7d7e3df,Laptop,1,2.8,7.36
4beb6164-4a0a-4866-b53e-d29acce89422,Laptop,1,1.6,3.13
21ced559-5a87-430b-a9d9-ba580bec4144,Smartphone,1,3.9,2.83
988acedf-29d5-464e-bc68-bdb6e47f398c,Smartphone,1,1.4,8.75
4b8e8066-f66f-4779-b767-b7397b0797a7,Laptop,1,2.7,10.11
edd1632d-cbad-4499-98b2-70494bbada4b,Tablet,1,3.2,9.13
3aa73c7f-76df-48ca-9e79-7f1b9ff8e358,Tablet,1,1.8,4.15
11c560e0-5a42-41f6-b3f3-e256233f85ca,Laptop,1,2.1,5.21
69e0aac6-f1f8-4724-85a0-841d5c9bc81f,Laptop,1,3.3,5.59
d42b4128-e5c4-4d35-8bb8-1f0d069b75ea,Smartwatch,1,3.1,7.88
c1e42590-e62b-4143-bcb1-5ded327e509f,Smartphone,1,4.9,4.95
291d2bc0-8058-4ba0-b9d9-9774f2d7f8ca,Laptop,1,4.8,7.72
6486bdb7-9f9e-43bd-89ee-d02fb9e1a905,Smartphone,1,2.4,4.73
c24343f1-a30f-45e9-95c1-b23ee4e7c986,Laptop,1,1.5,6.07
9648daca-cd45-4e42-872e-d2f0508b49fc,Smartphone,1,3.3,13.99
c195aaaf-96f3-4ea3-bf00-90ed95b462d8,Tablet,1,3.3,4.26
2ce01923-fb90-48f5-a506-371f11f6402e,Laptop,1,3.2,13.26
46476b5a-012c-421b-be76-258c03638b63,Smartphone,1,2.5,10.04
17c8b660-84a2-44e2-b198-d12f67f61d71,Smartphone,1,1.7,11.33
d0c98a11-6c40-4539-9df8-4ae79e59fb9d,Laptop,1,2.5,12.82
eb39c341-5494-49b7-90b6-ea05ffa7f4e1,Laptop,1,3.6,14.7
7c0dfd37-77a1-4175-8099-d7afec84ccb3,Laptop,1,1.9,2.51
9c60fe52-37a7-46e8-ac1a-c53797ae2186,Laptop,1,1.5,2.22
3bdfec1f-2746-4ac1-b7f5-7ceda5b54237,Smartphone,1,4.4,10.42
4a4343ae-65b9-4e6f-a36f-20c62f83714a,Tablet,1,2.4,14.91
71bdc987-4675-4a17-9812-f3c5fa16a445,Smartphone,1,4.3,7.54
64872db8-d97e-4978-80cd-7153233e446e,Tablet,1,4.4,12.82
f992c375-cc77-457e-a474-5ff97bf8b317,Smartwatch,1,2.8,14.19
cb5b9a7f-fd5a-4044-a480-a8f6e60edcc5,Laptop,1,2.6,3.16
c0ed6964-7a1d-453b-a754-03c3bd15a878,Smartphone,1,1.7,9.27
71da6d17-4875-42f8-afd9-5bded0e82556,Smartwatch,1,4.4,13.62
6a4606b0-1b66-4678-a05c-858d9916131e,Smartwatch,1,4.0,12.94
98e80529-3066-43e1-af3f-3af9b1923392,Smartphone,1,2.7,6.18
0e8f5c22-8a0f-43b3-afe5-a3a8cfc12922,Tablet,1,4.2,2.68
4388d53c-0450-4de2-88a3-989d97b70158,Laptop,1,2.0,13.77
248ed84d-2dd7-471f-8f49-f51856b0c84f,Tablet,1,5.0,12.56
854f08e9-3d68-4046-9601-2d1846306952,Smartwatch,1,3.0,4.55
7d4dc8eb-75aa-47d2-b48f-993dbea91ada,Tablet,1,4.9,3.48
be15bcd4-1c8f-43cc-9752-e1adb2bff8da,Tablet,1,4.9,7.2
c6c8d2c8-5e50-434d-a587-7bede5d5991f,Smartwatch,1,4.9,7.04
01f8a532-5c9d-4205-8597-52c6e3b7a4f7,Laptop,1,2.0,2.68
6e17b31f-bd4d-45d1-8f92-65f653672f08,Tablet,1,4.9,8.95
1aaa08b6-50e8-47f5-ac6b-5c83c9451608,Smartwatch,1,1.2,4.25
952883b6-d1b5-4eee-b0a9-c1446601c19a,Smartphone,1,2.3,9.87
eab559cf-9e63-4a45-a64b-ab2454764482,Smartphone,1,2.9,5.32
dc1fef52-75d0-4aea-8471-d93346ef71ea,Laptop,1,4.6,7.57
d25d0884-d664-476a-b46c-ff895090e45c,Tablet,1,3.9,6.24
d9db5a50-63bb-426f-b88d-11d3d5846203,Smartwatch,1,2.0,14.12
967a8cdd-cf27-4fcd-8284-4b76c2a9a1d9,Smartwatch,1,3.6,5.18
3a38cdf6-f7ea-44f4-8f38-309cec4aba35,Tablet,1,3.9,9.28
7b98d0a6-3121-43ff-8df8-808a360de3a3,Smartphone,1,3.7,14.78
25b5ed6a-34e9-4bb3-898c-3ae02421f8fd,Tablet,1,4.5,4.38
c14707b0-07c8-46ea-a884-1c897b321971,Smartwatch,1,1.2,3.47
88d84c31-35ba-42a1-bc51-774574306ace,Tablet,1,1.5,7.02
65d3b705-2f0e-4e8f-bd50-1a3c29a023ed,Laptop,1,4.3,6.73
e344675e-3481-4d9e-ae41-3819af748156,Smartphone,1,1.4,13.0
c0054056-ed4d-4862-a785-a5fad5224b0f,Tablet,1,2.3,7.8
e781f8e7-7e3a-4374-bf95-eb20e42f160e,Tablet,1,4.4,13.66
c2c9087e-dd4f-437e-8327-1b783852bdd8,Tablet,1,4.2,12.84
7192d7b2-3dc6-4ab1-ac94-8d627da896df,Smartwatch,1,2.0,11.35
ea3ce8b3-346c-47e1-a833-68f9ab677ed7,Laptop,1,3.9,6.62
d8db0c64-65d0-4199-910f-a450f2e5de7b,Laptop,1,1.7,12.52
eccfe299-aaed-46b1-9ea8-accfd88e9604,Laptop,1,3.6,9.6
3d8c9a75-e8d5-468e-86e9-230c8cd87052,Smartphone,1,2.9,4.37
cce81435-1032-41b6-a457-bad4aa95b932,Smartphone,1,2.3,9.15
4f82e6a0-eab0-4304-a97f-a6d28072a49d,Tablet,1,3.5,5.23
cc16da39-3fb4-4cc7-bcce-9b88a1e1ebdb,Laptop,1,3.6,11.18
e2dfd9af-356f-452e-bb38-14112685e718,Smartphone,1,2.0,6.05
b74f8168-58dd-444e-996f-357f026388b5,Smartwatch,1,2.3,4.63
cc657f33-a9f5-4f53-8488-b3b757b7c69f,Laptop,1,1.7,5.48
da7f707c-b52d-4502-a001-c108720985d3,Laptop,1,1.4,11.4
e6694028-6796-4db8-93af-7d21ab0caa89,Laptop,1,4.1,6.53
e5380896-e493-43a6-bc1c-fa0eb2c4d921,Smartwatch,1,1.3,5.25
c0734344-0ebe-4470-a75c-7d26db45bd61,Laptop,1,3.5,2.0
88c49cc3-36f8-4dba-ba70-f9ac640d56ea,Smartphone,1,3.6,10.03
bb0a5991-b560-4bac-953a-02a735079bb6,Tablet,1,2.0,4.18
c9ff3898-e7f7-44f0-827f-e6d47c5a9b46,Smartphone,1,1.1,5.33
44a28b4e-1e96-4ca0-8517-7bd32f5e5de8,Tablet,1,2.1,10.14
4251f562-bf3a-492b-ace8-f3b6699de81e,Smartphone,1,2.5,6.18
790bad6d-95de-4c9f-bcc5-db02d368ba99,Tablet,1,4.7,10.93
32229c2f-edbc-481a-8f75-39c37899c519,Smartphone,1,3.4,13.65
36ec04c7-6797-46c7-a8f9-c8e0d7c4db9b,Laptop,1,4.2,4.11
e02e7a94-f263-412f-9ba6-d7eb9a236d69,Laptop,1,4.9,4.4
c93c45c3-6b78-4c88-a7ee-a9996a2bec4a,Laptop,1,1.1,3.51
20a18047-d6d9-4697-963c-870cb543a0c8,Smartwatch,1,1.0,7.89
63578ea7-8138-414b-85a8-c0721eee19d5,Laptop,1,1.2,11.61
5373229a-ce2f-48d0-96b0-87228ab664d3,Laptop,1,4.2,14.87
ec9e16f3-8462-4056-b8ed-7b2cfa2efb7b,Laptop,1,3.6,8.04
6a3c9923-a329-467c-9fe8-4f28f328b82e,Smartwatch,1,2.2,9.19
03050344-d94c-43f1-b667-51bb5bc776f2,Laptop,1,3.8,12.18
f860f22c-fc15-40c2-af0d-8159356addb7,Laptop,1,2.7,12.4
660cd769-b3a1-4dcf-9a7a-1736ea5453a8,Tablet,1,1.1,14.57
1cee2235-9743-4164-97c5-264822a47477,Smartwatch,1,3.7,11.77
b220b382-82b3-4b1d-9bc4-100b10edf01a,Smartphone,1,4.2,10.07
140fe49d-a5ce-47aa-8fc5-397c6ca1471e,Tablet,1,4.0,11.32
591f95c8-b8f3-484f-a760-579f96433252,Smartwatch,1,2.3,8.9
aedb0049-c32b-40d5-bab5-a22495a2ddb5,Laptop,1,3.5,8.23
93bf09f1-caa0-4136-a56e-0161e5fafcd0,Smartphone,1,1.1,11.87
bb138bc7-89c7-4ef0-9255-ce16905c710a,Tablet,1,1.7,11.39
3c2439c0-d8d2-43e5-ba7b-7a6417e8e596,Laptop,1,1.1,7.25
6ac465f6-21ad-49d9-b717-5e6b473c7a0d,Tablet,1,3.7,5.07
ad214ffc-2929-4dd6-920e-310f28eb3bf6,Smartphone,1,4.7,7.07
7d9f6ba9-2133-451c-a6b1-244410092bda,Tablet,1,2.3,11.94
2d7a0186-0929-4a2b-8f33-b8e6b8f6e3c1,Laptop,1,1.9,5.86
4c0f8f6b-684c-43ba-9bea-83c73613f011,Smartwatch,1,3.4,4.47
173793a9-8276-434b-8c8d-7989ba8c7af9,Smartphone,1,4.1,11.21
b332c23c-2254-427d-a18e-998f1f9aca43,Laptop,1,3.6,13.33
44201680-5876-437d-b933-b26a5aa8f8b9,Smartwatch,1,1.9,9.72
fedc5b23-4594-402f-8ff6-d954d9108638,Smartwatch,1,3.5,11.19
65cff659-5db1-4f87-8ec0-a94e17bec36d,Smartwatch,1,1.3,2.25
de5cd305-0f51-4a42-b426-666d9338c82b,Smartwatch,1,4.7,4.83
8e823332-8536-4f51-a538-b48cc867a894,Smartphone,1,3.1,13.78
0dbdf095-b185-4c3d-b936-7032cae3ae82,Smartphone,1,3.9,11.66
e391dff3-96fe-48f5-93d1-6d003b8a8b49,Laptop,1,1.9,4.57
75fb0b58-e482-4c63-8613-cb6d9a7b605a,Smartwatch,1,4.9,14.62
39ff38f1-2c42-46c7-8624-e19aa5546d15,Laptop,1,3.1,4.55
f5efcd76-8198-4d08-8b91-f06de4a37bf5,Tablet,1,2.1,10.76
6bcc15d9-b5ff-4609-958c-a996d42a264f,Smartphone,1,1.2,13.03
4c3c1f0c-c8cb-4cf2-9918-1c9f3d6739c9,Smartwatch,1,3.0,2.41
b38e34e9-9ee8-49c2-9818-e2b67ec16ca6,Tablet,1,2.2,11.79
8688a340-dcf7-49bf-83ef-14098288b472,Smartwatch,1,1.2,11.85
d375b766-68b3-461d-9004-88ab2cedac46,Smartwatch,1,1.9,14.64
c6b7e664-e3a7-4889-8e43-e0d6ac7cc6ce,Smartphone,1,3.0,9.57
59085379-8a1b-4d2a-8372-0a3f0511836c,Smartphone,1,2.6,10.32
8807991c-a8bc-475e-822d-da971d8e972c,Tablet,1,4.9,11.26
6c0a7108-8ad7-43c4-b4fe-8ba6cdc38c18,Smartwatch,1,2.3,9.81
15340094-d389-4af9-8415-60e2aca9f406,Tablet,1,2.0,5.26
2aa4191d-8176-4dd2-be94-1bdaf1056cbd,Smartphone,1,4.9,14.87
27e16d63-10be-4e03-b243-7283f5a643c6,Smartwatch,1,1.8,5.89
a5117d39-dfd5-4315-bedd-5617fb898e60,Smartphone,1,3.6,12.74
b1b100da-1f9f-4fa4-bc95-4b958d1c97a1,Smartwatch,1,3.3,10.5
2d6badf7-9c95-4090-bf35-1b5122f5275c,Laptop,1,4.2,4.79
d64b6c84-bfb5-434b-97f3-9cd02250ef91,Tablet,1,4.8,11.16
c714cab8-7d7d-4607-ae45-04821f476f00,Smartwatch,1,4.7,12.17
cfa945f3-3d3d-436f-a098-fc798e176956,Laptop,1,1.2,12.71
7d4c0006-a3c3-48af-ba54-38071b32e116,Tablet,1,2.1,9.67
687266df-6960-4c6b-bdf1-a3d92d868abf,Smartphone,1,4.0,8.32
19ae57c1-8a40-41bf-9516-f695ad181e84,Smartwatch,1,1.4,12.2
461da317-cd50-4794-b7a7-50fa688eb768,Smartphone,1,4.0,6.62
349984d8-8e01-403f-a382-af1bcba7094f,Tablet,1,2.3,2.7
7587c032-bb46-43b1-9f15-c8a76f193127,Laptop,1,3.4,9.22
dd2a4cab-8c33-4451-9c14-12e963a247d4,Tablet,1,1.1,12.42
a4d0713f-20cb-4e9d-b455-31fa8dcdcc1f,Laptop,1,2.5,13.67
e6cc670f-8df3-49ad-9d95-80d87fbcb187,Smartphone,1,2.2,10.06
3b59952c-89a0-4d56-948a-4685dbeb6278,Smartwatch,1,4.3,12.07
f97d00b7-aff0-46ec-876d-cb4cab3b803e,Smartphone,1,1.1,3.69
526ca375-2794-49fe-ac93-e7dce098f6d4,Laptop,1,4.4,3.02
aa66d599-b902-453a-adc0-c2412aaae01e,Smartwatch,1,2.9,2.4
7d608881-1070-4501-be51-f77929296ad5,Tablet,1,4.8,9.51
4b4e382f-6073-4595-8c45-d6c72edd856f,Laptop,1,2.2,12.58
89dbe353-3c49-4096-b147-1eaff71e23f5,Smartwatch,1,2.6,11.34
7f2a9482-dfe0-4066-907b-c09986cd23ff,Tablet,1,2.9,10.41
c6bff8a7-946b-40a1-a993-428624ea32d7,Smartwatch,1,1.4,9.28
1799dfe8-663e-4675-8e9d-7aa37e14ba49,Smartphone,1,4.0,3.54
fc2f2617-4c2c-43d7-ab0e-3ede5d9fa0a8,Tablet,1,1.9,5.12
3a58ddd9-f97b-41ed-af1d-d2656e6c7e88,Smartphone,1,2.9,3.03
69d228d0-7dbd-40b8-8148-fcdc096738a2,Smartphone,1,4.1,10.4
6ecba138-1197-4fe6-8836-fc1777feeb5f,Smartphone,1,1.5,3.67
91e0a78f-8836-4aff-8e6d-a41da3385622,Laptop,1,4.9,11.36
647d2f3c-5991-48da-9ee8-d0fcbd491b9c,Laptop,1,2.3,6.96
b05bdd82-eaac-48b8-9aad-978e1dd64ecc,Smartwatch,1,1.9,4.97
09458709-2543-428e-ba67-cab666c189c1,Tablet,1,3.1,6.14
dbe3e868-45ef-42cc-825b-58760757c9dc,Laptop,1,1.5,9.28
5a9900bd-c687-4fe3-a6f3-f345560debd0,Smartwatch,1,4.4,9.69
3c0c35d5-f253-4191-abb5-7608c8d5f090,Smartwatch,1,2.6,13.28
6815aad6-cf4b-47be-83dd-d63dd715f76c,Sweater,2,1.1,3.81
323e8d42-0eca-4e46-95bc-f070355e1057,Jacket,2,3.2,14.99
4f2e0c16-9b0d-4e43-bd97-f86b74bba59f,Jeans,2,4.4,6.33
5b9fb736-3927-4af6-982b-54689912efbd,Jacket,2,2.2,11.67
bfffcd3b-004c-41b6-90ed-ed85f27628b1,Shirt,2,1.2,7.27
9b5f75c1-932b-47ce-b227-28babe400f50,Sweater,2,2.0,10.61
d5e78cdf-962b-4ebc-95fa-02b8ae9d6bc7,Sweater,2,1.3,2.79
f4563cac-eb84-4c0d-aa7d-a70924475069,Jacket,2,3.5,6.12
cb31ac3a-a6cd-495c-a5c8-821664a327a6,Jeans,2,4.6,10.84
ff1dce2f-e295-4b12-b2bc-5ce7c7461b67,Sweater,2,1.4,10.21
5be51be6-e3bc-49cc-ad43-a1a940378bad,Jeans,2,1.7,2.87
1f9a779a-3df2-4118-9598-f9811e24435a,Jeans,2,2.0,2.94
0cd3b791-eb82-4622-ae55-f9ad0bcc22ab,Jeans,2,4.2,14.22
39956083-c98b-409b-8e2a-a4eda36c739b,Jeans,2,2.0,12.66
f742390d-caa0-48dc-9717-6a2de7e1962b,Sweater,2,2.1,3.43
6fb8d131-8093-4b47-a1a0-fd8e1bba74e0,Shirt,2,2.4,7.12
e90844f6-cd1e-426c-a6b2-b5a242823590,Sweater,2,4.6,3.68
5ba9d0c2-70f6-481b-b9f7-c265461aa8fa,Sweater,2,4.5,6.02
6a451512-040c-46af-9acf-bda14c308acb,Sweater,2,3.8,7.43
394602ac-a158-4a42-82b8-b3ce136dbda0,Jacket,2,2.1,3.02
60f88540-c00e-49d3-81d8-264bd7551bca,Jeans,2,1.1,7.41
f8dc2ac3-9738-49ec-a8e7-f61a291dbba9,Shirt,2,1.6,3.0
9fd0f051-e70f-47e4-bb46-6d7326930235,Jeans,2,2.0,12.54
e6226432-c8cd-44af-9624-1e4113e498f4,Jeans,2,3.0,2.68
89b999a6-2237-4417-87ed-6a7151608bd5,Shirt,2,1.4,4.69
89cdf397-18fd-49eb-b09f-ff306fc0b908,Jeans,2,2.5,13.54
b99842b2-724d-4c73-9276-80274a05999a,Sweater,2,3.5,11.66
6fae06d2-cde1-436b-aa91-b1010280ad3e,Jeans,2,2.6,11.73
4fb12cb6-1b30-4dd2-9388-3e3be0639cdb,Shirt,2,2.4,11.9
4488c628-5ac3-495a-8e8a-ba3bb6870a8d,Shirt,2,3.0,4.28
7d4ce895-886d-479b-b0bc-a652e8f6de0b,Sweater,2,1.2,7.34
7056e9a7-8870-4a04-9f6b-33d4b3b50eae,Sweater,2,4.1,14.41
a68ea970-37a2-4a95-9ebf-9f8798ea2a26,Sweater,2,1.1,13.26
3e2b68c2-f9b6-45fe-a9ed-f6b88e63fcd6,Jeans,2,4.0,13.59
2de071c9-6e13-4e96-952a-8f08c98a76a1,Sweater,2,1.8,7.2
9d88f97a-c26f-4b75-8b07-4a03582fe625,Shirt,2,2.0,12.78
fecd4c36-a92a-482f-b52b-d0821c6773d9,Sweater,2,1.8,3.6
4017d4a2-d8f6-4c3d-939b-30ed35c98441,Jacket,2,1.8,3.5
fb5749d3-c2c9-4d84-a9be-6fee6b283fe4,Jeans,2,2.6,7.2
f49ad764-0351-4b6c-b8ef-9be8b226995e,Jacket,2,1.9,11.68
8ae7d0fa-68b2-4825-b2c6-26a764903235,Shirt,2,3.2,4.04
10df991f-55a5-40cf-968b-ef3827f79cae,Sweater,2,2.6,12.79
51f793a7-6da0-465f-8435-b8ceef266d52,Jeans,2,4.7,11.39
b60bfde9-dd6a-41fa-9b57-c206f68322eb,Sweater,2,2.5,4.65
a24cb146-f32f-4471-bd96-cc39ad340a78,Shirt,2,1.5,11.67
b50c25ca-19b2-4f33-80f8-57e6810d407a,Jacket,2,2.5,3.55
8eada589-34b5-454b-8221-0038ee1aa143,Shirt,2,4.8,9.28
1606d006-5635-4a57-8e3d-0dbc5f2ea16f,Sweater,2,1.9,4.6
b29ecd9d-93c9-4c87-b16c-ba40fdb6d659,Shirt,2,1.2,5.97
efb69a58-1ff6-430b-bff4-5eb3527fcbf1,Sweater,2,2.9,14.73
9c149817-32da-4419-8039-ce1b0a9a0123,Jeans,2,2.2,11.25
a486976d-1a52-4f9c-ae49-aa4e5d4c6401,Jacket,2,2.1,8.34
469cf956-6b74-4c5e-9c46-c411dcbd0826,Sweater,2,3.8,6.32
5c08967e-bc20-4738-892f-9b47b214b95d,Shirt,2,4.9,10.59
a9879033-a75b-49d2-b63b-1e84e4b0c1c3,Shirt,2,2.7,9.46
57840132-f74d-4884-8470-4e84827f72a6,Shirt,2,3.4,9.08
12143161-ada1-4326-99ff-716ba8edc19c,Shirt,2,4.9,5.34
91e92397-c5c6-4191-a005-e6b02c8ab9a0,Jeans,2,3.9,10.92
914eedcd-3bc3-45e9-9845-828396821eb8,Jacket,2,5.0,5.45
13b0bdea-21ee-4b1a-ad25-ab723b5cd508,Sweater,2,1.7,5.84
133add49-a14e-44c7-a5ac-93daec46d887,Jeans,2,2.3,13.68
aa3084b3-4569-43da-97bd-2b53ad3c8d08,Jeans,2,4.2,14.89
f63dca4b-2368-4088-9107-99b1b83b9024,Shirt,2,2.7,2.41
451fc35a-7d3b-4ea4-adb2-b66a00ad93b3,Jacket,2,2.2,3.21
6cba9d95-f408-417f-803b-bbe0ad2f916f,Jacket,2,2.3,13.95
4f00457b-3659-49b5-88ea-ea788adf5415,Shirt,2,1.1,10.19
a97cd128-40af-49e6-a4b2-a0565149bd89,Jacket,2,2.4,12.09
7e1be600-8f9c-4fb2-9ed5-660c42910381,Sweater,2,4.0,9.44
24a8bc9b-5027-43db-97ac-c30edef1c3d5,Shirt,2,1.7,12.35
2fbc89f9-844b-4f91-a6db-0495866095fb,Jacket,2,2.1,9.94
f3b718e9-492d-41db-91b4-a141f41a4826,Shirt,2,3.5,8.1
eb71c2bc-69a1-4bee-8d01-fee8a6db140b,Shirt,2,3.1,11.83
bc0d32a3-2523-4577-b61d-cbf388912f5f,Jacket,2,3.7,5.41
ae723d43-1a80-4ab1-9d3a-667a5425aecc,Jacket,2,3.6,7.66
822e7de5-d3c5-4d61-bcfc-513998e20ed4,Sweater,2,3.1,9.36
a561e3cd-98a3-411e-8a25-92769c3eeb1e,Sweater,2,4.6,8.82
46c27662-9f99-40e1-acac-5e7b137c4f38,Jacket,2,3.3,7.91
dbdc7776-7a21-4de2-bf56-4b29cbdb5b34,Jeans,2,2.5,4.38
f329c509-486e-40d8-b2e0-b3ae018b5140,Shirt,2,2.1,4.52
99825ad1-4ffb-4adb-9cc5-6be53d38b73b,Sweater,2,2.7,6.0
48648246-f306-43b1-a795-2c546f5faa11,Sweater,2,1.2,11.1
ab5de3a1-e73b-4815-bbad-4bd527139a8b,Sweater,2,1.5,13.1
8edf2fd7-25c4-4a8e-aeb7-a365e4ab0eb6,Jeans,2,4.8,4.2
c0867f72-6c22-4314-a8bf-5ae5153df1a2,Jeans,2,4.5,14.76
2e5e2005-71b3-46a7-a4ab-2fd2a6f8795a,Sweater,2,2.8,11.21
ce443de6-e113-4095-a7a3-218c4514fbc4,Jacket,2,2.9,10.61
ef72ce2f-e69a-4733-96dd-ff5c0a8ec619,Jacket,2,1.9,6.4
bad12797-d08c-4c6e-8a42-aee7bb22e396,Jeans,2,2.3,10.64
db3ceff9-6433-4769-b634-8069ddebcce9,Shirt,2,3.6,14.54
98314d7f-365f-458b-9b61-95eeb49ce7c1,Jeans,2,3.2,12.12
fc6eeb2b-68d3-47a3-aeee-641926378ec2,Shirt,2,4.7,9.01
b85e765b-a213-4df1-8ac5-6b520c1674d0,Jeans,2,4.7,5.29
2f8f0055-372a-442e-8a13-59253e461da3,Sweater,2,4.7,2.84
5d340a90-fce3-446f-8c80-d2264129303f,Jacket,2,2.7,3.53
244c8dfd-e1ad-463e-b8d1-b19f07799866,Shirt,2,3.7,5.4
4ba162f5-01fc-4026-9bd1-9f2a5a6b6aa7,Jeans,2,3.4,5.86
06f04ae9-35da-43cf-9e86-e569ec5ce722,Sweater,2,4.6,3.36
46cf020c-131a-4686-8077-e6734a066171,Shirt,2,4.7,9.86
1e4c9033-7f86-4bfe-923b-8f3f0bce990c,Jacket,2,4.4,8.34
8b543a60-8f0c-478f-aad7-de7a0dc4e8e9,Jeans,2,2.4,12.92
ebb91ea6-297a-4b65-8361-b0f6bedf2e15,Sweater,2,5.0,2.54
fe99be0b-59c8-492e-9f34-3db0c585b6a6,Jeans,2,1.2,11.18
ee169b5c-b360-4189-af2c-61a70dba5447,Shirt,2,2.7,14.96
e8830b4b-30e5-4e72-a41c-a31dea86c16b,Jeans,2,2.5,7.92
f6a4ccf2-c373-40ab-97e6-f15756c26951,Sweater,2,4.7,10.35
09200c60-1447-4d2c-9eb6-c6ba65fc84c0,Jeans,2,1.5,5.83
6d05e731-c8b4-4525-894d-c73e54a5ff87,Jacket,2,1.1,7.08
1a22ccc4-dd49-4ab0-a399-f102a8bd8cdd,Sweater,2,3.4,6.58
e3d8df0e-2456-4c2d-8edd-0c735b8ae90c,Shirt,2,4.8,14.63
2e2e9784-da42-49da-9370-b57327e6d0e2,Sweater,2,4.3,7.61
e2036d26-beb6-4b8e-93c9-e3764473d6dd,Shirt,2,4.1,12.12
f5617a0f-d7a8-44b4-aee6-8cdbcd049a16,Jacket,2,3.1,4.92
57d09efb-818d-4d0b-9080-4326e4fb265c,Jacket,2,3.2,13.11
07286df8-3151-452f-9bff-b86222bb9c29,Jacket,2,3.7,5.35
4746ef98-87bd-4762-b37a-daaef370816f,Jeans,2,2.9,4.85
ecfb74a9-70b0-458c-b124-0c47d33fa901,Shirt,2,4.2,2.45
1c7d423c-a912-480e-a720-17d160900900,Sweater,2,3.6,4.97
b2da88fc-7b44-4575-babe-3358410a1076,Jacket,2,4.6,4.5
9eaa8233-656c-43af-ad84-d65725ac2ec6,Shirt,2,1.3,13.41
cf095b84-0930-43df-a63a-0df11ff6324e,Jacket,2,2.5,8.87
b5446a40-881a-44df-b8e6-65789e4c4b68,Jeans,2,2.0,13.52
6f36c155-7f05-4464-8853-b96dc6bb3f6a,Jeans,2,3.4,4.14
bf0decc3-1217-4a89-9f63-89c5e9c3eee5,Jacket,2,1.1,5.99
24a83b04-39fa-4c74-ba8f-b518afc36d06,Jeans,2,2.0,4.76
207eac18-8afe-4479-ab99-87c8113ac5cc,Sweater,2,2.5,13.17
a1f80368-e806-4c76-8527-022d3f0ee203,Sweater,2,3.5,4.08
632a5433-edc4-4d39-89d6-3a809eb14bde,Jacket,2,3.4,6.2
03d52a96-4284-4cc5-b459-7ce8ccec44eb,Jacket,2,4.6,9.08
fd825a5e-ab51-454b-b1cc-b6a405287636,Sweater,2,4.3,5.5
2a00382e-2e33-459d-b77a-c4a66565f2ed,Jeans,2,1.5,8.82
4b180809-e2a0-4661-b2f9-866e62093c30,Sweater,2,3.6,13.15
96ca5fdc-ce7d-4d32-b68b-a8aafcbb7c5a,Jeans,2,2.9,10.38
e2e12671-3afa-4a04-9f10-79958ce11317,Sweater,2,2.9,11.64
26b1312a-39a8-448b-859e-83c912aae412,Sweater,2,1.3,12.4
e01fd9cf-c66a-4327-975f-8a9521d5d0d8,Shirt,2,1.9,10.65
7d42f57f-bdf9-4624-bb5e-42893cf333c1,Jacket,2,1.8,8.7
34a50125-9f31-41f1-b03f-f48e873791c8,Sweater,2,1.8,14.65
57d89389-0ae6-4af7-8034-cd9367f7505a,Sweater,2,2.2,13.72
4571ee50-0742-43a7-b74a-4105c99dd722,Shirt,2,4.9,8.16
2fa1dc1c-38b1-455d-b979-16f44ab3d650,Shirt,2,4.7,12.99
da3a790a-1956-4638-ab03-bd67641653c6,Jeans,2,2.3,2.37
6d3ba66f-cad2-40b2-811b-ff87dde6f528,Jeans,2,2.5,14.52
0e9fc842-36e6-48b2-8713-21c4823d8424,Jeans,2,4.6,10.73
85fb22b2-f8c2-4731-9663-bec049801ff6,Shirt,2,2.6,14.26
f215d5c5-2cbb-4b42-8c13-ecf2e8b83055,Sweater,2,1.1,11.81
84786da4-92b4-49ac-b021-189fc19285b1,Sweater,2,4.1,8.67
7df900eb-c0b4-49be-b5ce-21077afb98b3,Shirt,2,2.6,2.13
a87ae9ea-3645-4afb-bafd-38c706e9824a,Shirt,2,3.2,8.43
c1c98283-6376-4d02-ba94-04cb1df510f9,Sweater,2,4.6,11.1
dc87507d-42d3-42c3-8304-4ddef9db715e,Sweater,2,1.6,4.54
a71af984-cc7b-498d-ace6-552787fdd4a1,Jeans,2,2.1,11.2
17e6808c-12e4-4dcf-96c0-6ea1eb16d00c,Sweater,2,3.0,10.6
1ddf86aa-16c3-4529-92d8-f8fc567032c9,Shirt,2,1.0,7.9
9274aebc-48f3-4530-8a9b-93d7dd371de0,Shirt,2,4.7,13.44
f714e7b4-9208-45af-bd1e-03e589c487eb,Jacket,2,3.6,8.85
1a373a22-c35c-428d-a63f-99868e4929fa,Jeans,2,2.6,2.39
5c555d3d-33e9-4d52-bab3-b1c03aa6ffd7,Sweater,2,2.1,6.97
e668e5d5-0c1c-4931-b253-2a7f531cff72,Shirt,2,2.7,7.85
a087fdd0-df4f-44c8-aaec-2d08ad1d97ad,Jacket,2,3.7,14.47
54925a73-88cf-458f-8fe1-50f118bf643a,Sweater,2,4.0,7.5
30ba932a-896d-4fbd-b0a8-2b0c6999948a,Sweater,2,1.3,13.29
c31a20b7-0deb-44ad-92eb-dc3c52fa01c3,Jeans,2,4.4,7.73
94a718d1-bc57-4c7c-849d-5a7dfda729b2,Sweater,2,2.8,13.22
b6440687-84b0-46ec-9cc8-fc550730bd6b,Sweater,2,4.6,14.47
27d83d55-3711-4896-a931-a8eaa48a7c67,Jeans,2,4.8,2.27
0db3f65f-1d2e-4471-9aa4-d5c625fe98a2,Jeans,2,4.6,14.01
310c701a-87f2-43ca-8a96-6912cd36da11,Jeans,2,2.3,2.81
3b23a682-ffc3-4bc8-a923-4facc59123e8,Jacket,2,3.1,10.88
8f6db94d-3888-4507-a8e1-d24ffeee6007,Jeans,2,1.2,3.12
57fbf0fe-9088-4d73-82b1-815988473a54,Jacket,2,1.6,13.8
13c1123d-b150-4fa5-a151-ef5e7e78ef2d,Shirt,2,4.9,7.11
4ee1a83a-32ad-43a9-b86c-f4576f169718,Jeans,2,2.2,9.97
0b5cb59b-753c-474f-a6fc-8e5c2f72e431,Shirt,2,4.6,4.05
494d291d-1bdd-4f62-93fa-deb3224d34d9,Jacket,2,2.5,8.82
a6da3b98-ce01-4bc1-9ea8-24e9673dadac,Sweater,2,1.1,4.06
609301c4-0d75-4e34-9c64-bdfe7e24f039,Sweater,2,2.0,11.19
726439bf-8c36-46a5-af8b-1ec6fe5edfc4,Shirt,2,2.8,10.11
11b892a4-cec4-43bb-9c69-f966950976ad,Shirt,2,2.5,5.43
003a6904-7baa-42f9-ac85-0660ab4e7f4f,Shirt,2,4.9,13.85
3bf4f230-e6f4-4d58-a173-96dd4f78dcc8,Sweater,2,1.2,14.15
72f9c0b0-4c05-406d-a13d-df2884afe66d,Shirt,2,2.3,4.09
c18c9a1e-5040-480e-ac59-54f62c6ae956,Sweater,2,3.9,10.99
b6147641-8378-4474-afdb-f3ee86d07a30,Sweater,2,1.8,6.7
6bc78539-9f35-4bd8-a6af-9cb98f109394,Shirt,2,3.3,2.17
89c27ebe-96ec-493c-810c-cee1c28b0d12,Shirt,2,2.5,7.64
10c058c1-b12d-4772-8c92-08fc3bc84d4c,Shirt,2,4.9,4.02
73798323-a3ab-43c4-8faf-b2de2c57afcb,Jeans,2,2.8,8.19
81aeb090-7edd-4335-b7c1-931cfe50c380,Jacket,2,3.5,5.77
dd5e27c0-f867-4909-8bd8-325475d02ed0,Shirt,2,3.0,12.9
e011d52a-eeee-425b-a354-d7c97f3c623c,Shirt,2,2.0,10.72
1546c70d-8cb6-49d0-a9a8-04d6b8eca2ea,Shirt,2,2.3,5.31
5b30a7b6-c170-442f-bb41-fa410aaaa6c1,Jacket,2,1.4,11.1
7118327c-9a26-4c5f-8784-a6280fc15921,Sweater,2,4.7,2.68
093a929d-d93d-404d-860d-583d421fe401,Jeans,2,4.5,10.72
a6673825-b4c0-43a7-922a-13b5788c9b6d,Sweater,2,2.2,7.54
c60e967b-332b-4342-bde5-54c60373d7ca,Sweater,2,3.4,8.54
72a2a069-5fd7-49c6-9246-9ce21b32fbc1,Jeans,2,1.4,12.45
ea4d4d9d-bfb4-4ae6-8b14-68adb0915cf0,Jeans,2,4.4,13.86
46421f61-f595-408e-8385-59915214176c,Shirt,2,4.7,4.6
ee208e65-dc0f-4aee-8590-d44796845d23,Shirt,2,1.7,9.94
53481939-98c6-46ff-aab6-6a8368995608,Science,3,5.0,7.5
f1ed1d82-fa77-49ed-b00e-e5876e5de475,Science,3,2.4,8.66
af6362d6-ef5e-4d8d-9626-e7b2bc2e26c6,Non-fiction,3,1.6,9.5
c397fe2a-8e33-453d-aa37-306b36446799,Fiction,3,4.2,9.86
bdca4f88-5be1-44e0-868a-3529f92f7cbf,Non-fiction,3,2.9,2.88
380b1178-d427-44f8-be85-e42273c0a3af,Biography,3,2.3,9.62
484c4604-b9a3-4fa2-9873-491450352275,Science,3,1.8,3.71
d72ba69f-5dcb-4d92-a596-0bc7b138a4f3,Non-fiction,3,1.5,7.32
e4412449-33cd-41ae-8cca-695736fe546b,Biography,3,4.7,10.78
154e30f6-cfb0-484b-9ba9-db44c6adecfc,Biography,3,4.9,7.17
c8368472-d5cf-4257-84ca-3d84e6631f7f,Fiction,3,3.4,11.23
bc3deb18-eed5-4135-8855-532d2f576080,Biography,3,4.9,3.1
6c7ccd82-6677-430b-8f3b-194e59f10ea7,Non-fiction,3,1.1,8.31
d030761e-acf9-4c6d-a765-90235e5039ad,Science,3,3.8,14.83
623a6827-1fe1-475a-9380-68043f1b9117,Biography,3,2.0,12.39
3fd28b8f-8147-4898-9224-e2bee36f29d9,Fiction,3,3.4,2.02
4b1f6d1d-8c0c-4f99-989f-ac329a8c0f50,Fiction,3,4.6,11.49
4b8c1701-51bc-4767-93c4-962182c26d9f,Fiction,3,4.1,5.99
6e4d2c93-ae2c-43ec-abf1-0ca9f510fd69,Fiction,3,2.7,6.61
dc0398fb-6b7e-4e9b-9a32-5ef94a557cfc,Non-fiction,3,4.3,6.93
d74787cd-affd-4e00-a2bc-a0a26f258471,Science,3,3.7,3.83
fae988ad-7919-4caf-86c0-03c27fce0681,Science,3,4.2,3.41
914fe0c6-b904-437d-96de-1ee08c01b907,Biography,3,1.6,6.39
37b27884-aa15-4eec-9336-8b627f102055,Science,3,4.1,12.09
9d5346c3-56e4-46f5-b435-5a0392b3928a,Biography,3,2.2,12.7
22c76bfe-9c14-4e22-8f67-22a4ce280ec3,Fiction,3,4.7,13.73
f1369a06-ef3b-42d3-bc9b-1a3582d9e71a,Fiction,3,4.9,10.7
96b9ce59-4438-407b-9b7d-f3ffa4908dea,Biography,3,1.9,6.82
d4bfaea5-fcc8-45c1-b42a-53a08c814ff0,Non-fiction,3,1.5,13.51
27592075-c05c-4b3c-9627-46dc2033b507,Fiction,3,4.5,14.94
35b9336a-885b-4fe4-9949-da344980ebb9,Science,3,2.3,14.13
82e63d9b-efc1-4b21-bf5f-402ba1b8ab82,Non-fiction,3,2.7,12.87
94b3f458-69f6-4ac0-925d-b076579ce688,Science,3,2.5,9.97
263f7ff9-4cb1-4036-8ad7-979779be7a0e,Fiction,3,2.7,11.2
868da120-6e93-4cf1-b561-d950c0b84abc,Science,3,2.8,12.45
ae3f4785-c8c3-440c-ba93-9d172933f99b,Fiction,3,2.6,12.19
69b289bd-4349-4b5f-b68e-d44620969b6c,Biography,3,2.1,5.59
66f4cd6e-16ab-4657-b41c-fb9e933b74b9,Science,3,3.2,11.68
8bf4f2c1-9acf-4da7-9b93-f04110c7b4ff,Non-fiction,3,4.9,2.13
bfb6cb62-3327-4976-b5de-6c7b0cfaf209,Non-fiction,3,4.7,8.0
4b8e8b24-3645-4e3d-8397-849534441965,Science,3,4.1,8.0
3afb2c5c-bd62-4054-a188-4dc2313b2453,Fiction,3,4.5,9.3
4b7adacd-6089-4ec2-ba47-5cdec01d6894,Biography,3,1.1,9.59
f9fa62c1-212b-4e68-8dcf-b3d7cf1a7863,Science,3,5.0,6.27
699565a7-d711-4bdc-9a7d-98848f698d9f,Biography,3,4.6,3.05
32cd9abc-c858-45de-8bdf-6e20cab3ca52,Biography,3,5.0,2.36
71b4284a-f75c-4bae-937e-070fb8abdb5a,Science,3,2.2,13.46
6a0f24d3-d456-43c0-9f59-909dfd2a5d26,Science,3,3.7,3.4
83f62e16-e4dc-41e1-9ae2-a053c4b61d5b,Fiction,3,2.5,9.02
44b0e586-2f03-4cdc-ad09-be40a23da827,Fiction,3,4.1,5.38
13aeb59e-89cb-4b49-ae6d-2606e94e4cf0,Science,3,4.3,6.64
fdede83b-c604-46b8-8cbd-9f5880a86e84,Biography,3,1.7,6.88
f85f24df-8d76-4898-bc40-c6c3158eefde,Science,3,4.0,7.11
040e6b31-f51b-465d-ba50-6f193fd78724,Biography,3,4.7,12.58
675c2786-b946-463c-adf7-74ac05c769e9,Biography,3,4.2,9.89
9de582e5-b782-4a9c-9a35-6990a40ba494,Science,3,2.0,8.87
d18da18e-5c53-4428-a6a6-b7b23a9188eb,Science,3,2.5,11.08
2ea0f674-7f9d-4bff-8a62-335d659dd9b1,Non-fiction,3,2.6,8.49
c25d90e8-fd1f-4bc4-9f9d-1c77015cd576,Science,3,3.9,10.21
8bb5e04b-da51-4827-86aa-2bc75940ab76,Non-fiction,3,4.2,5.55
0a51f0e3-fcf3-44d9-942d-6424877cfd83,Non-fiction,3,4.8,2.4
aef3896f-8148-4e6f-8981-bdfe689c9364,Fiction,3,2.9,3.86
803f7e3d-50a2-45f9-9134-ee37ab6dec96,Non-fiction,3,4.6,3.21
0d1a81bf-df0d-4ef6-9931-5c01a165d8f3,Biography,3,1.9,5.79
712a442c-6d74-4d3f-9a9e-8404a061a640,Non-fiction,3,4.6,14.3
97fe7c70-a41b-4adb-b603-e128123a3e8d,Non-fiction,3,2.7,13.14
fc99df92-a225-41ad-a8f0-13f080eff0a9,Non-fiction,3,3.3,3.13
134a5c22-4e0c-4100-a811-1f38fd153d31,Biography,3,1.2,5.45
433f92fa-7b3d-4315-b957-6abe903c4c6b,Biography,3,4.1,11.63
2d2a822d-7dc6-452b-b75b-1ff4902a42e9,Fiction,3,4.6,5.23
40fd852b-d5eb-40d5-bd7b-c6c0977c3d22,Non-fiction,3,1.1,5.82
19e351db-5b49-4bd3-b4dc-290499391c24,Science,3,1.2,3.76
46607058-81b2-4d61-b2dd-8ef309eb370c,Non-fiction,3,2.2,6.34
1c7400d4-5f31-4e7e-8c7e-85560acecac3,Biography,3,3.1,2.83
53e6bb76-c12a-40aa-96a8-c250e7bffd45,Fiction,3,2.3,13.66
4cdcb10b-1648-4b74-b72b-0e221cd07c43,Science,3,3.1,13.78
0e12c933-d08e-4a0d-bba0-87a443b761b7,Science,3,3.6,12.27
44f3e317-91c6-4e91-8c51-2eb9d72892f6,Fiction,3,3.3,2.41
59bfc7e9-c011-4b6b-8db9-a44319124de3,Non-fiction,3,2.7,6.07
154d3a21-4288-4755-82cc-fbd7e8cd639f,Fiction,3,1.8,14.08
09dbf46f-a967-4624-aa1f-50bb9fa4b01d,Biography,3,4.0,5.26
92ea68a9-6628-44e1-9359-5dab3ce0fd9c,Non-fiction,3,3.0,12.26
144cd970-d2e2-4570-8760-01127ff03a93,Science,3,3.7,10.12
c554fad1-aeb5-4777-ad33-dfdc3b507066,Non-fiction,3,1.5,10.51
5e926ff7-11d1-4d8b-8d12-aca0f1cdae0f,Science,3,1.3,14.65
85c977df-2b47-405e-a157-6f08747ca74e,Fiction,3,3.8,5.67
55e1ac08-e5b7-4507-a887-e9ea42763287,Fiction,3,1.4,10.76
f4eee03e-654b-4a38-890b-0a5ea933daef,Non-fiction,3,1.4,10.52
7a3bdc56-8526-4fdb-a9a9-5c3c13a1c61f,Biography,3,1.1,6.02
ef1000c0-fc48-48cf-9508-f8cb5ee4105c,Non-fiction,3,2.5,9.95
0505eb04-dbfa-44c7-93fe-d4f0cce981da,Fiction,3,3.0,14.89
d821fdfd-1005-4d7a-8c13-4fffc21abff4,Fiction,3,2.5,3.77
79d37971-a02d-4681-9824-41cad81dc90c,Fiction,3,1.1,13.2
e279a7db-26c0-4dfa-b4be-912a41081db5,Science,3,2.1,14.35
ec9a4cbc-bfae-449f-869e-930d29e1fed2,Fiction,3,2.6,9.12
e6e4c3f7-96eb-44ac-bf0e-ae48186aa313,Biography,3,2.7,2.38
8ffd6055-54b2-48c7-a549-f1e9c9918dcd,Fiction,3,1.3,5.32
398cbcd4-cdde-4580-b56e-08bc7510011e,Non-fiction,3,4.7,13.51
b9f30a14-79c8-41c9-a2b6-f73119c76d4d,Biography,3,4.2,4.06
e4990f76-c9bf-4554-9321-3c0ce0beca6e,Non-fiction,3,3.5,2.54
eb389eaa-d0bd-4c77-a304-9d23bb09685e,Fiction,3,1.6,11.61
3b6d8d9b-a11e-488e-b8ba-b2da28609364,Non-fiction,3,3.9,4.26
5a07eacf-fd5a-410d-89ae-c805d92aa840,Non-fiction,3,4.0,8.64
d10edc1d-75bc-4355-9752-db993812da27,Fiction,3,3.4,13.76
479d3a72-b23f-4adc-9e31-6b1ddb1737f9,Biography,3,1.1,13.63
780ddcc9-869d-4025-89b9-1ba949359373,Science,3,1.9,4.1
1277ae54-dfa1-4fb1-91c4-918c1e31797d,Science,3,1.5,4.31
754b7423-b09c-4ee7-951c-3d50bdfd163b,Science,3,3.6,10.26
20edb6b9-6c3a-4212-b529-5afe8824cee7,Non-fiction,3,2.6,5.22
d066cdfb-5c08-4c04-96e9-970dcbe0bdd0,Non-fiction,3,1.8,9.94
087e40b6-83a2-4b2c-ba65-787defa51c52,Fiction,3,3.3,11.01
b8b4ef99-34db-4c51-90fb-0431b908f4fc,Non-fiction,3,1.9,6.9
25f219b7-575e-473c-9ae1-1e0a011e9067,Biography,3,4.2,14.74
1dbce188-d9ab-4274-9204-316301b2f333,Biography,3,2.7,10.06
ac9b4924-58f8-444e-bdb9-4b04cf854781,Biography,3,3.1,10.17
28594325-0fe3-4955-8b48-e93127109f75,Science,3,2.7,11.53
f1dfe08d-800d-4a2a-90d6-905ae7a2844c,Non-fiction,3,3.1,3.62
cdc523f3-77dd-4f62-976f-28674dfcbbbb,Non-fiction,3,4.0,2.79
fa6fce91-c964-45b0-8dc5-5e8a29711661,Biography,3,1.9,3.63
7f32b6c4-55d0-4ef3-b5a8-e29df5e6b614,Biography,3,2.6,3.83
65306a3a-63ab-423d-8e18-d0f6e36bb68c,Fiction,3,3.9,6.11
07f7e8df-7f71-491b-ac68-9156a48d31bf,Science,3,1.8,11.78
2cb9cb45-65cd-4c18-9ea6-ad868b908fbb,Fiction,3,3.0,7.96
24a34252-ef7a-47a4-91a0-379e391e860f,Science,3,3.2,9.29
862741f9-2f5e-40da-bb79-fd9593f9407e,Fiction,3,1.1,14.64
e9d8a11e-9bc1-4e4a-b3e6-2650104f3b1e,Fiction,3,4.2,11.56
933c5d63-d8ed-4465-aa2a-c3be80f4032c,Non-fiction,3,4.3,5.35
beb7138a-43eb-4247-af08-54707850b582,Fiction,3,1.2,13.99
761cd41c-0e29-4e5f-a9bd-451cecf88979,Fiction,3,1.6,10.29
9da9467a-ab12-4e75-b813-efdf35065fe9,Biography,3,3.4,4.46
8482e96f-8ee6-4185-a405-bb18f2d63d09,Science,3,2.9,3.09
0319c556-207f-43f7-9c24-e65c13f43fcb,Non-fiction,3,2.0,8.14
366fbb6a-995b-4aa5-8bad-e1db37fe13b1,Biography,3,1.1,5.18
8e5b3080-2a75-419c-bbb2-7fc38f0727cb,Science,3,4.9,4.99
6907fb1c-0539-454e-af6b-55cedbff537c,Science,3,3.3,14.26
164ae1a0-ea8d-45d1-bb50-f85bf5d87f4e,Non-fiction,3,3.2,12.27
7f8c86e2-f658-478b-94f9-473e4adbd5ea,Biography,3,3.1,9.23
d73ac03e-4fb5-416b-9fee-fff10c1e56f6,Biography,3,2.2,8.21
3bdb26e0-b56c-451a-be5b-7faf6fd970df,Fiction,3,3.8,6.71
39477526-02e9-435c-af89-4b324092ed89,Science,3,2.6,6.14
387b3eaf-e587-4880-83e7-9852f8a2e78a,Non-fiction,3,3.5,10.65
d1c00a4a-e748-4203-937b-19b73ccadac9,Science,3,4.9,11.55
1ab53768-bd0f-4797-a07e-c00503a0873b,Science,3,3.0,14.8
e3e27f5c-7c5b-406d-bef3-066d331d9a4d,Biography,3,4.4,5.91
036c9239-6e1d-4861-8d12-04f15fc6fe07,Science,3,2.7,8.89
3bcf428d-c423-45d8-9c54-ce723a74fabb,Science,3,4.2,10.59
05143b8d-2776-4f5e-8e23-5ba02da2369e,Biography,3,2.4,5.72
9001b8cb-22f1-4bd7-a393-a5adb8f96d3c,Science,3,2.6,6.5
333b8d78-ce18-4e75-b091-fb1ce6bbec54,Non-fiction,3,3.4,12.87
07408ea2-c19c-4529-8599-eeb3a181641f,Non-fiction,3,2.0,3.27
935e3a85-2fa5-4518-9a76-c66851774215,Non-fiction,3,3.5,12.56
9a65ddb5-6e0f-4c8e-90c1-100b870c20a3,Non-fiction,3,1.2,4.96
8c4d90c8-5af6-4d1f-bd8b-4e901d683977,Science,3,2.8,10.68
41cb2fdc-845b-4917-a9ab-c008fba036bf,Non-fiction,3,4.1,11.12
be341df8-6f45-4747-939c-81ecf392b66c,Science,3,4.6,4.5
2d2601af-d652-40d0-a604-e26a1405f2e0,Fiction,3,3.1,8.49
7fa31861-814e-4279-82b9-b96b63a723f6,Biography,3,4.9,3.96
8e3af958-95ac-436e-932f-c72922ae11e1,Non-fiction,3,1.3,12.2
fc933736-def9-4b30-80c5-bde10aaa145e,Non-fiction,3,3.7,6.86
48d6237c-39aa-449c-8e0f-4782d265f12b,Fiction,3,2.6,6.6
b135a05f-33cc-446c-a11a-c4badeb1321e,Non-fiction,3,1.7,4.43
436dd51a-06d6-4fc3-b7af-3b9c99066c94,Science,3,4.9,14.51
f753c1b5-04e9-49d0-8870-24a3dc0c20da,Biography,3,2.2,3.84
5ebac5ef-b2de-4212-941e-09f754f46914,Fiction,3,2.3,4.27
7f8783b7-d17d-4516-9f9f-5296468e94a9,Science,3,2.9,10.91
55a310e5-b613-4f53-bc7d-c33f905475bf,Non-fiction,3,1.1,12.63
fd56bd31-7995-464d-a50b-428dbabf42fe,Non-fiction,3,4.8,14.86
0417bbfc-4b88-4857-bc90-587d216580bb,Fiction,3,4.4,6.73
10f67685-9f19-4655-baf0-c1e705d42c28,Science,3,1.0,9.15
dbd65b74-f832-4ef7-a4e8-88e2eeb040d6,Biography,3,4.8,12.96
d8b8ddea-9f0c-460c-88eb-52ed40d3312c,Non-fiction,3,4.5,13.2
1d1c19c6-0241-4e3a-9583-d5e617baa33a,Fiction,3,4.6,12.99
2bf6f33f-04ea-49a7-9362-d3fe85f83090,Biography,3,3.2,13.83
29d28fc5-5149-4c9f-ab6e-7a561a1176c9,Biography,3,3.8,7.7
d9058e7a-1e43-4a00-82b4-c42ac4027379,Biography,3,1.0,4.05
e7ea724f-5bbc-486d-872d-915f338cdb95,Non-fiction,3,4.0,8.58
7735b121-269f-411a-8de7-423db08c7184,Biography,3,2.6,8.89
80bbec0e-f16d-4fea-9425-1c8f38029748,Fiction,3,2.9,5.23
bd9f3f36-407f-40be-9183-4f02d7470f6f,Science,3,4.8,8.88
43670305-2191-4796-9d89-bf123b1d018b,Biography,3,2.9,2.89
c74d1a23-9127-4f7a-8f1b-c988e6af0c4f,Biography,3,2.8,9.31
4b2f7a88-7025-4126-872c-6369676a5f7c,Biography,3,4.1,5.22
0c3e054a-233f-4180-a0df-ad37da75f295,Fiction,3,2.3,13.05
d3be0ea6-0002-4bd6-9b6a-1df0caa2e9af,Science,3,2.0,9.93
003d3f11-b28d-42e6-8c2e-cb0e671c28d9,Fiction,3,3.7,12.91
b256b061-1177-45ae-ba86-cfd6f7a25336,Fiction,3,4.6,9.05
8fb96e4d-7721-4dc0-8a3f-cb2103d6b84f,Fiction,3,3.4,2.15
654bf749-0921-4dd8-b0e0-40899e35a44b,Biography,3,5.0,3.12
6476efbc-afd1-490e-8b92-490ed23e707b,Science,3,5.0,5.51
56a5ddaa-b66d-4e33-a46e-2feadd0d0dc4,Science,3,3.1,14.1
bb28257d-c56a-462f-b8b1-af33443cb9de,Non-fiction,3,4.5,10.84
1d2cf203-617a-44cb-9401-074ad7b3b30c,Fiction,3,4.8,6.09
dbd54fe5-8bc3-42f1-9d9c-c6165da59ed2,Biography,3,1.3,11.05
b0990461-8f70-4f34-b96a-ff031e0e328d,Non-fiction,3,3.8,9.87
52728b94-8173-4b65-a789-b2c17a6a0206,Science,3,2.3,14.77
b68b741e-2df4-47ea-8be1-142408d707bd,Biography,3,1.4,4.99
2b2b4ca5-870b-4884-b5db-ca16494416bc,Non-fiction,3,3.7,5.8
7f7d34ee-b220-4993-a049-b645edcd2676,Science,3,2.7,10.45
9f7812fd-0ccd-44ed-a417-3bfae8439cdc,Non-fiction,3,2.4,7.12
9c5d6c7f-f93d-484b-bc27-451d71a260d6,Non-fiction,3,4.5,13.43
ba48192e-b325-4548-94de-de0e3c11a080,Microwave,4,2.1,13.38
c80677f6-db4f-4f18-827e-db05904952df,Vacuum Cleaner,4,3.0,10.3
90faaad3-f0f3-4815-b95a-0fb006cfb14f,Vacuum Cleaner,4,4.3,10.02
b201260b-f4a3-4fdb-a87f-c71b7364cf86,Blender,4,2.4,4.15
409b8677-4fff-4774-92c1-b4a6581fff90,Toaster,4,3.6,5.2
22f4183b-fbc6-45c7-ba53-ee5f802d9e01,Toaster,4,4.3,2.43
c7335682-4c7e-4fb6-8c45-666309d2c7c2,Microwave,4,2.4,13.54
07dcc18e-1bd7-4ea6-9623-6a218fe59281,Blender,4,4.3,9.29
6b5b89c7-ba63-447c-97ad-750c5accf3fb,Blender,4,4.9,14.79
9929b14b-da31-4aa2-b336-de65488514ef,Blender,4,3.1,3.37
3fd88c91-7ce1-4cef-8393-bcce20ad95a6,Toaster,4,1.5,6.98
3eb1682e-6812-43e9-8cf2-619b23c72159,Toaster,4,2.7,11.86
766ecd37-2f5e-43c5-a46b-39953f5096f8,Blender,4,4.7,7.73
7a5c62b3-13a0-46f6-9c19-fda05e4ea6b0,Vacuum Cleaner,4,2.0,11.66
a1a982aa-1dc0-4bd9-b77c-386ba1055ff6,Vacuum Cleaner,4,1.3,12.22
df896fc4-ac1f-4824-a7b2-25b4117f78dd,Microwave,4,2.0,6.54
3102e3e5-267a-4a2f-be9c-9e8225b68211,Vacuum Cleaner,4,4.4,11.84
3dc49196-534e-4b7a-8288-97e431ee203a,Toaster,4,1.8,14.97
d1cce051-c2b2-46e2-b822-bb6a7e93d882,Toaster,4,2.9,6.56
535ae686-4d0c-4e90-90f3-67f95a69ed6c,Toaster,4,4.8,3.41
425a6ff7-eadc-4e85-9602-f6224a47e53d,Vacuum Cleaner,4,2.8,6.65
fcffec13-c282-4aea-beff-48029d4ce1c4,Vacuum Cleaner,4,2.0,7.18
d43ee10b-f97c-4ab5-8302-30798e1782b0,Blender,4,4.5,4.83
db83f8e7-d2f9-44f9-a6c2-0ccbaa30d419,Toaster,4,4.0,5.28
0bc12d43-6f7a-4156-8748-5c364837a30c,Vacuum Cleaner,4,4.7,5.31
19505288-e575-443a-b1d9-2ede9fc18ab0,Vacuum Cleaner,4,4.3,4.28
d5886721-068b-4148-a7e3-bd1328bd4707,Microwave,4,2.4,6.19
717b5231-1778-4650-964a-962e6cc92988,Microwave,4,2.0,12.92
fdf930a3-5428-4f71-a52b-91cc009d0b7f,Vacuum Cleaner,4,3.6,5.56
6ee95125-e39f-4c03-8655-4379a7ab37ed,Toaster,4,3.8,3.05
ad504fbb-6074-4feb-8627-745b43b53f89,Vacuum Cleaner,4,1.6,10.98
693f8d1d-cb90-476c-9c94-546d5aaa289c,Microwave,4,4.6,13.63
f988d314-c068-475f-98eb-3a6e2d05f58e,Blender,4,4.3,11.01
ae4b80d3-1b17-494b-a908-31f581aa150f,Toaster,4,3.9,10.46
985fad9b-6209-4253-9845-127b3062aea9,Toaster,4,3.4,11.31
c45027d2-93d0-4f94-b725-663dce3fc6d8,Toaster,4,1.6,3.97
3a32dea1-91e1-4ee8-86b8-9b19918f0fbe,Toaster,4,1.9,7.24
a5cca719-9b65-451e-8451-de310c7dddab,Toaster,4,4.2,13.57
fa1138bf-fe52-416c-965b-d51f4f1c7682,Vacuum Cleaner,4,2.0,7.35
dee192ab-adb6-4731-b3a5-3e7cbce27110,Toaster,4,4.1,13.51
64c29f3c-6143-4047-b33a-016c7408ddc3,Microwave,4,2.9,7.26
578f5a07-9944-415e-bb7c-6b6509216dd6,Vacuum Cleaner,4,3.4,8.39
873bbef3-2792-4ae6-b7da-eca3b34266c5,Vacuum Cleaner,4,3.5,14.41
f50b3c75-9071-4087-b6f8-6bf91f6f8e3d,Toaster,4,4.8,3.49
c8072191-97a2-4d79-ba61-85d4901c712c,Microwave,4,3.0,6.18
fdc8b00d-7535-4a9c-9cb6-4e4b6887ebb8,Microwave,4,1.8,7.34
90df273d-b7f1-428b-a025-21375d8e26bc,Toaster,4,3.6,2.86
0603c294-9674-43f5-b640-5e01ea5ecdb8,Microwave,4,1.5,13.49
524f818f-ccf7-470e-b023-32bc9159fa1e,Toaster,4,2.7,11.03
a0bc1acf-c782-4431-bacf-2f0aaf75d942,Vacuum Cleaner,4,1.1,4.65
2337ae4f-742a-4276-9432-0b2af1dd1c9b,Vacuum Cleaner,4,2.3,13.46
86400161-d752-4f8b-a3cb-2c532ec198f8,Blender,4,1.5,14.52
e89e3b4a-a638-4814-86dd-0db0d9265f7d,Vacuum Cleaner,4,4.2,10.1
8113e07a-5c02-45ea-bcf8-a58e101bb380,Microwave,4,1.5,2.68
2bafffcf-5c76-4dcf-b034-b41f6417d2b3,Microwave,4,1.7,13.25
54fa9e9f-2943-4671-aa6f-bc358c269665,Microwave,4,3.4,12.26
d4575c2d-53b4-4429-8383-969e807cbf60,Microwave,4,4.7,6.73
7bf5689e-8c80-434f-a88d-367f31834ffb,Toaster,4,1.7,8.9
869e1be5-83c4-4b09-9ca5-fe562e31eeef,Vacuum Cleaner,4,3.8,5.51
eaeee4f0-8b1f-4180-8999-d18a8b51674d,Microwave,4,1.3,2.69
5afa5b56-8212-4dbe-96bd-a659ad6b31af,Blender,4,4.4,8.87
c2b50887-b385-492a-9a0b-2c53f04b976e,Microwave,4,4.6,4.98
dd88cfb1-d2a0-4c93-8763-b669c0f81eaa,Vacuum Cleaner,4,4.0,8.1
3f34bd9b-48dc-4e4d-8aee-f2d797fb5b2e,Vacuum Cleaner,4,5.0,6.26
03efe252-dfb9-4bcf-b731-23d975d51b78,Blender,4,2.9,7.68
d9c3232f-a437-4283-9add-cbec928a781d,Vacuum Cleaner,4,4.5,3.73
b81f6c6f-73d1-4af9-ab11-0e0d0b628860,Blender,4,3.2,6.61
05e91e80-07a7-4251-b7cf-cce71b5b911d,Vacuum Cleaner,4,3.2,2.81
bd12dc9b-9050-4baf-9fd6-a97e58750e36,Toaster,4,4.1,8.54
b8714a65-a260-4d29-acd8-83d72c7c37ad,Vacuum Cleaner,4,2.6,3.35
a0b09e40-2638-4910-bf90-94c3e72a9ed9,Blender,4,2.2,2.77
6115a25a-35f3-4f08-8c6d-04e86436fe2b,Microwave,4,4.5,9.3
bcd8d2ab-a03f-4500-aa4e-b9c536a326cc,Blender,4,1.9,8.08
27a30bb5-afc9-4072-81ea-91a7aebdfe86,Microwave,4,3.0,12.96
33b53d07-8028-49e9-b94c-80139619aa18,Blender,4,4.9,12.3
6825514e-0a98-42df-a6aa-c3c1cc2ac1fb,Blender,4,1.8,2.82
84e09da9-f76e-4bc0-b9d2-615a19751387,Microwave,4,3.8,12.4
7a92d20a-853b-425b-90c5-c271ada7b329,Microwave,4,4.3,14.57
38a5009f-81d9-4a89-ada7-f6e77763f2a6,Vacuum Cleaner,4,4.6,9.39
1817db5e-e209-4652-a60b-7b78cfbd524d,Microwave,4,1.5,11.95
68a6d72a-5e3b-4464-9094-31007349c13d,Microwave,4,3.7,7.24
0c25b8df-65ff-45f8-ad50-60e7234d4ccd,Toaster,4,1.3,2.16
4bdabb78-0af6-4aff-bd82-21e2d0de8120,Microwave,4,2.5,8.37
73c9b971-ec96-448c-8e74-53d069837ed0,Microwave,4,4.9,7.66
8d17a981-8781-461e-8ebf-df7378527b42,Blender,4,1.1,6.63
9be12edd-4691-40f2-bb8a-1a7cd714fbed,Toaster,4,4.3,11.67
f0a28ac5-eb51-4544-a88d-e3dee15bb3fd,Vacuum Cleaner,4,3.6,3.68
670475be-3ade-48f9-9543-03eb3d2e63f7,Toaster,4,4.7,10.98
aa24a55c-71f4-4050-9b97-ad0dfb247e8a,Vacuum Cleaner,4,3.2,8.67
46c983cf-4544-4a8f-869a-cfa659c389cb,Microwave,4,3.6,8.23
92019a91-25c4-4d8b-bb70-4c99469eb5bc,Toaster,4,1.2,8.6
1e20c893-a810-4778-b514-afe2a57ccaa5,Microwave,4,4.0,4.43
f8427933-a5bc-4592-b1d2-630cd5204b89,Toaster,4,4.6,10.39
e0380ba5-ff34-4f2d-8b60-88cb90bdb79c,Blender,4,3.6,13.74
5f8308bc-0c76-460f-b506-f64d1285f98b,Microwave,4,1.0,11.05
397814b0-3a61-4526-9124-cb7ed67c7f51,Toaster,4,2.5,7.87
e1096699-7546-445a-974e-dfe7dbe96ecc,Vacuum Cleaner,4,4.3,7.13
200be536-bed6-4903-b90b-37a1e15f01ba,Microwave,4,2.3,6.95
033dafa8-13de-446a-94c7-27c5f9543b7b,Vacuum Cleaner,4,1.7,3.47
60d3c63a-d0e6-444c-919c-384f6aac0e3e,Blender,4,3.2,4.7
723f2b21-8b43-4d4b-aef2-7eb58b78d50a,Blender,4,3.4,4.44
f9a4fd0b-acc9-4a80-939e-31c87681e79d,Microwave,4,4.4,12.89
a9a3aa28-7984-408d-aaed-771951a4f133,Vacuum Cleaner,4,2.6,9.46
dd81c7f4-1eeb-4e83-a985-1f3acdbfedc8,Vacuum Cleaner,4,2.0,2.8
0ffb016f-d1bf-4bd9-9b75-eff98d21f324,Microwave,4,2.9,8.44
bdd427be-2efb-41b9-a7d0-0dd3db6d5c06,Toaster,4,3.3,10.56
9692aac8-ad27-4ab8-b616-981c4a5e9936,Vacuum Cleaner,4,1.8,13.82
3b86d0b6-f34f-4114-96cc-84d209ced1af,Toaster,4,2.0,14.1
f3b0fadc-90f0-4f7d-8475-77a40f346c12,Toaster,4,4.2,8.36
7d211cca-cad9-4ec2-b58e-9eae679e34fd,Blender,4,1.9,5.79
dc6d5637-e904-4032-a266-3e9063db371d,Blender,4,1.1,12.68
94c6004d-10af-4c59-ab66-6c6b5020ec42,Microwave,4,2.0,9.81
100f3b51-4811-4d92-8883-e2dc8d97b5d6,Blender,4,1.8,2.87
79f65a5d-7413-42cb-a282-df88483ee9ad,Microwave,4,3.3,5.88
660418ab-a5e0-4542-98e2-502f7b625b41,Vacuum Cleaner,4,4.7,10.13
e6e333bd-93c8-4e57-91ab-eafb57b0ed6d,Toaster,4,3.2,6.0
2b5f4a9a-617b-4c59-918f-d600d59fd6ba,Blender,4,3.7,13.27
241f830c-0336-4926-95dd-f551b4b8a3a4,Toaster,4,2.6,8.92
76f2bc73-4227-4004-b271-c69c3b37855e,Toaster,4,1.9,10.31
4dd965be-f5bd-41d6-959b-e1e18a2cded9,Blender,4,1.2,3.93
2f6d8655-7dc1-4477-8d71-6178a659a47f,Vacuum Cleaner,4,4.0,10.82
fa1c43c4-2208-4b75-90f4-cc8cb95e6235,Microwave,4,3.3,9.81
e13ddf70-6ade-498b-ae4c-4d67ce01cd9e,Microwave,4,4.7,3.39
7b4d5a08-16b7-4172-93e6-658864d32421,Vacuum Cleaner,4,4.3,8.7
75968640-c4ea-4314-a363-8145d40750ad,Microwave,4,4.7,9.07
921176b8-a53c-4e73-bde5-344e80731f40,Vacuum Cleaner,4,3.6,4.55
38615c2d-dd1b-46b1-9f6a-ebcc9742341e,Toaster,4,4.1,7.45
e90bc3b9-ea7e-4346-b2f5-05519cfdb0c4,Blender,4,1.8,5.68
3f9d26e5-e14e-4987-8a0d-c29b576208fa,Toaster,4,1.4,3.36
07980f38-9132-4e71-bb3a-a59ae2fb954b,Toaster,4,3.3,8.82
0f3f7ccb-389d-4f12-bfc9-648f62a1d897,Vacuum Cleaner,4,3.2,5.0
fd2a2bd8-adc7-4cd1-817c-9a6cdd8546f7,Toaster,4,2.9,9.18
03acaa5c-645c-4984-9ecb-b48960cad916,Vacuum Cleaner,4,3.0,12.32
af5cae66-ad13-4fdf-99c4-5392c841e81d,Toaster,4,1.6,3.69
34ff7e25-ae3c-4705-b298-d235b75f51bb,Vacuum Cleaner,4,1.0,8.68
8de8f0b6-ed23-46df-8fdf-645f248663ef,Vacuum Cleaner,4,4.6,12.47
19f9d331-3016-4f82-90f0-15ec93de1fa8,Microwave,4,3.8,6.89
d52040fd-5671-4f25-a36d-e68bd9b4202d,Toaster,4,4.2,14.38
3cfc5bc2-fd2d-450b-9ac4-4a23fa3c3b27,Blender,4,2.4,5.38
a92b832c-0ab0-4fd9-a883-0d61f15bb38a,Toaster,4,1.2,5.38
2312d3f2-3163-4542-8d48-b023c4ea9d5a,Blender,4,2.6,9.84
885bed32-e485-4aad-b522-24f7de6b30ca,Toaster,4,3.4,11.34
0d08cd82-09bf-4ac3-bb9a-b53bdb7d0923,Toaster,4,2.1,5.87
8ac45512-40c9-4f11-acbf-db7b0ab7b13a,Microwave,4,4.2,6.84
4437c59f-c20e-4193-a22c-9cf1a23a3242,Microwave,4,4.2,6.31
734084b9-de48-4b2a-8a58-3a9acc306e2d,Toaster,4,1.8,8.91
f3ac117c-a037-4339-9177-7d77ff8f6a71,Microwave,4,3.5,4.75
540410db-1001-4421-bb56-e35e2a762cae,Vacuum Cleaner,4,3.2,3.73
34ea4321-b5d0-411c-8df7-fb2b2b9f7768,Blender,4,3.9,2.31
de67e533-8302-4b26-9b6a-e470548bec68,Toaster,4,3.6,9.85
d798acba-049f-4a18-b25d-6c8c76070194,Blender,4,1.0,2.35
5903c1f1-cc71-4385-a24c-4bc0f26ed74b,Blender,4,1.3,3.53
dca4b259-6579-40fc-b4fd-2bec0d9b22c7,Microwave,4,3.8,11.18
a659a0f1-ec06-4c45-9a25-3a2890ac65c8,Blender,4,3.9,13.02
3fe4a499-4e1a-4505-bbc6-f91981d60500,Vacuum Cleaner,4,3.2,11.01
3708b477-e0c9-4772-84f9-aecd7d9852a5,Toaster,4,2.5,12.68
28d0812d-78cb-49f6-ae9e-317b3b5df63c,Toaster,4,3.5,14.41
20bbff5d-74ee-4a6c-bee8-dcc088a99614,Toaster,4,4.4,6.34
f412bcc7-68ef-4b2f-8d59-4b9ec03eb26e,Toaster,4,1.7,6.99
17bde739-5f6e-4eca-a659-2bf60f954b4f,Toaster,4,2.0,6.57
29631959-6301-4304-a77b-0ebde2e1afaa,Vacuum Cleaner,4,1.6,3.81
6aaa7385-ee8c-4f89-a212-f88d939b1ca5,Microwave,4,4.3,10.8
fe3a55e7-0dcf-4054-b08f-9f60670491db,Toaster,4,2.2,7.12
0c042686-958d-4290-a7d4-186d03613027,Vacuum Cleaner,4,3.9,10.34
87e82eb6-1f9b-4bfc-a75c-f332190a851a,Blender,4,3.7,8.67
8be43a7a-20db-4e52-ba12-cfa4d63dd56a,Microwave,4,3.6,5.51
15403dee-ab0f-491d-a936-8cd66aa35eb8,Toaster,4,3.8,13.45
0500b552-f6c7-4abd-acc2-08277893afd2,Blender,4,4.3,8.13
85a09633-ccbe-4288-8720-3197a3b4774d,Microwave,4,4.6,11.09
54bcbc35-0c61-4ac1-9a21-96ef8c00a238,Microwave,4,4.7,6.6
37e55253-af47-447b-9a38-3418eabde058,Toaster,4,2.2,12.68
bd767ee9-bc94-440d-a64c-fea2c0dc8aee,Blender,4,1.7,9.79
662dabdc-01e6-4c3c-8b6f-522554865a8c,Microwave,4,3.8,4.61
e350f25a-deac-4404-9b58-0f1e3883dba7,Vacuum Cleaner,4,1.8,11.39
1aeabafc-d2ee-428c-a567-9ba727084e12,Microwave,4,1.3,11.54
bc0586be-fc3c-4bd4-af9f-aacebf5cbdca,Microwave,4,3.6,12.68
45cd822e-0f60-413b-b854-8b76a762d4d2,Microwave,4,3.2,9.62
5d2ec1d2-831d-45c6-a923-df686fa83140,Vacuum Cleaner,4,3.2,2.91
46d44ca6-5be8-4046-bf5f-82ec7c1c9c09,Toaster,4,2.7,7.24
ea76794c-7cd4-481e-9278-b6c3ee5b5d66,Toaster,4,4.4,14.13
087e86e5-2a5e-49c4-a4d8-ee77ed2d55b3,Blender,4,4.2,4.61
48835fdb-2af1-4396-941d-76a80666e8d1,Microwave,4,2.5,11.73
63201044-b47d-4c56-8d8b-af52fc40f055,Toaster,4,2.7,2.86
6b957091-1750-4468-9b76-8178737d306f,Toaster,4,2.3,7.23
11716fc0-82cb-4452-aa91-6a3677a1ee24,Blender,4,1.9,14.73
629d10df-01b7-4407-9194-43a86dc8f034,Vacuum Cleaner,4,1.3,4.32
3dec07ec-800c-475e-9de1-6735f1cf62f5,Microwave,4,3.4,14.89
9809381f-cd0a-42a7-b7bb-7516d636eff4,Blender,4,1.6,8.02
8607d359-25a6-4e56-8d0b-c3513c8dc75f,Blender,4,2.9,3.46
aff7460f-d172-4e0c-9754-dd7c89013448,Toaster,4,1.6,3.78
4152e06d-ec45-4485-af0e-b268bc2fdcf2,Toaster,4,2.9,3.08
2853183f-8635-495a-9d27-5b0efe1f4a91,Microwave,4,4.8,13.26
7a69736e-54e1-4822-94f0-7a471407c431,Microwave,4,4.7,13.5
9b8929df-3631-4e4d-bed0-7242644ede05,Blender,4,1.3,10.38
d9f6cd55-ebf6-4163-8db3-26ee1c62d2a4,Vacuum Cleaner,4,4.8,14.57
4aec82cb-7dfd-4e1b-ba7b-bf3545a713c8,Vacuum Cleaner,4,2.6,5.19
26773b9d-dd3f-4fc3-9594-76490f2e2efe,Microwave,4,3.2,6.3
83ace192-322d-4d13-89e4-4922c1db9cbf,Toaster,4,4.5,5.7
480d81c4-b135-46bf-8a65-60ca73cbd253,Toaster,4,1.1,10.82
9ab67da3-cb5c-40a4-ad85-13fa51dbea97,Vacuum Cleaner,4,2.1,6.13
9c42ec60-fcb4-44e9-934f-f278641e7c4d,Puzzle,5,2.1,6.94
44401bb5-8477-4413-932f-2f9a98866c25,Doll,5,2.1,11.35
4c0da419-a913-4a02-9dd9-959f38ca19b6,Board Game,5,2.4,4.87
a7fde52c-2bf4-4d13-9eae-4328128bc5cf,Board Game,5,2.2,5.92
419e7725-3c0f-4099-8340-2b512eb4f44d,Doll,5,2.0,12.84
502d6648-6f3c-4e86-8a5e-83f30224d470,Doll,5,2.2,9.86
3fb1dbb5-02dc-426f-828a-3e1bb20d586d,Doll,5,4.1,5.37
7a02eaef-364a-4e6b-99a1-3d4318aacb7d,Action Figure,5,3.5,7.63
d6ed5f16-b8e4-4424-b82d-0e77ce0bc210,Action Figure,5,2.1,2.77
754fe700-b353-415c-bcd5-74ead4c2e1a7,Doll,5,4.3,12.53
96267166-1cd2-4edc-98c4-badca82ae7a2,Doll,5,3.7,5.32
caf8eb36-8d7b-4266-8df9-1cbcb032da80,Board Game,5,2.7,7.77
84bc9885-cbbc-4d6a-883f-b8c32a56952b,Board Game,5,4.4,14.99
2116eb44-5710-456a-aa57-5a0335e7948c,Doll,5,2.2,4.96
888d6b5a-687a-4110-bfae-d41e6ddffdae,Doll,5,1.9,9.09
c7f00d1c-64c9-4be6-afef-3d73d6cea4d2,Doll,5,4.9,4.44
d2f11802-5a0d-4966-a84f-017fbfabd15a,Action Figure,5,3.1,12.31
9cbe8ff9-5b0d-4a0f-a8e6-fe6ef32db9ff,Board Game,5,3.0,8.96
404a1438-7c89-462c-9b8d-94e7ae64a7a4,Puzzle,5,2.0,13.92
5e5ac08f-2a2c-477a-a6cb-3422a8028e5d,Puzzle,5,1.7,5.18
5a0bc9be-1194-4a11-9e3c-e213356dbbee,Doll,5,3.1,4.1
bc8163b8-bbb2-45a6-8940-2a67fb51c429,Action Figure,5,2.2,7.91
f8f5a1f2-e165-4350-bc69-2c43bf25bc41,Board Game,5,2.1,9.38
90c83eb4-ef2b-4a92-8352-aed8831b09db,Puzzle,5,4.7,7.65
7c9a3e0b-c4d7-4c3a-953b-2af3a17e7379,Doll,5,2.2,12.41
dc94558f-f077-40a9-8899-3f517883ca47,Doll,5,2.6,10.7
cddebb86-581a-4a19-b1e1-2454518cd78f,Action Figure,5,4.9,12.95
5fbacad7-8262-48e1-9c6c-b5cb75fbeb34,Action Figure,5,3.1,8.02
2307af61-006e-4b09-aae9-b2b803bd2c94,Doll,5,2.6,11.38
e349f916-e73e-40b0-928e-7935721ba887,Board Game,5,4.5,12.58
5904a425-0b17-41e2-95dc-d3c8935361cf,Action Figure,5,2.6,5.71
1d01a083-f9b2-45af-84cd-414a0431c2e4,Puzzle,5,4.9,9.19
f15f1c35-b7dd-40bc-8811-351efe776f21,Doll,5,4.1,11.42
d6d026b3-795a-4351-82c6-120039d70799,Puzzle,5,3.8,13.16
ba7c809e-422c-465c-8a7b-260ceefcf372,Doll,5,3.0,3.87
a6a73f5f-401a-43c9-9d1c-23f7b56f06d8,Action Figure,5,3.1,12.15
8062afe1-faef-4efd-9839-e5d19b1c096f,Puzzle,5,1.2,12.66
5f364aa8-46c1-4e0c-a543-f9e4234b2861,Doll,5,1.4,6.93
3f9d55a0-5cfa-490f-84aa-9ef50c4b93ce,Board Game,5,4.5,13.01
34c5fa52-d1fb-43da-baef-f63e3cab3436,Puzzle,5,2.1,14.72
87618b6e-5e03-49f3-a920-88d32d630f6a,Board Game,5,2.5,8.52
d7229a99-4e64-4461-9588-903c4670b313,Puzzle,5,4.1,5.71
44507055-68fe-46c3-8f3c-be6c054b5c72,Puzzle,5,1.7,7.31
a32fb2f4-b3d2-4e09-b594-34c2df87223a,Doll,5,2.7,13.04
2a28e263-0760-4eca-9c38-3ef9ce1ce67f,Board Game,5,3.2,9.98
4830da8b-55fc-42ef-b14b-3d3931887f4b,Board Game,5,3.7,13.73
2a149a7f-9d90-4b4b-aee4-b239ab85e9ec,Puzzle,5,4.4,9.99
2ae088d6-6093-46cc-b3fe-645bb5930e4b,Puzzle,5,4.7,13.27
7884a224-d633-4136-8629-97e735846270,Action Figure,5,4.1,6.1
853abfbc-4db5-428a-9e01-02638ba57ade,Action Figure,5,3.1,10.67
ae5e5913-59cd-49e8-bd5d-a25b9c38665b,Action Figure,5,4.8,14.67
1e0a599d-305a-49d5-ae74-524d656eec62,Action Figure,5,3.7,5.81
de0d4e80-eaaf-4b28-99ad-c2eb2f0dd25c,Doll,5,1.5,14.12
9b0a30b2-176c-4b78-9fc5-82b9e931ac95,Action Figure,5,1.1,3.76
c96efc1b-06a4-4939-8894-6e5f78a62679,Board Game,5,2.8,9.82
05ac7b94-10d1-4b75-aec0-f0bd542fed8b,Action Figure,5,3.5,7.15
a1e33c7e-f4bd-4629-ac02-d519086d3d60,Doll,5,1.3,5.56
c5fabdbe-5c72-4ade-8f25-d397ad514772,Board Game,5,4.5,13.18
a2485cda-a3c7-4611-90d6-2629246fbac3,Puzzle,5,4.2,10.8
850c9c1a-baab-4463-ab8f-f4302ac63748,Puzzle,5,5.0,2.61
6c5c0e5d-bc62-4804-a722-1b0640c076bf,Doll,5,4.9,4.6
eb124797-59c8-4010-bd03-e4179a90ddb0,Doll,5,1.2,5.44
cfd5946a-7cdf-4f35-883b-50ba82a0a855,Doll,5,3.8,4.54
37e9f5a9-6f29-41d2-926e-9c27146ba36b,Action Figure,5,3.3,7.34
8b4fa919-9e1b-4b88-8de6-c3cdc31e9aa5,Doll,5,4.8,5.57
56b7f51d-8e0e-451b-a06a-cee0060c5827,Doll,5,3.3,9.17
7c0a459f-f2fd-4546-91eb-ca4d7d590a66,Doll,5,4.7,2.5
3862f82e-bc5c-4696-b83f-733547e29d8a,Board Game,5,4.7,7.28
dfea2b27-125a-4b8e-a48f-b64aa4510d18,Action Figure,5,2.5,6.23
129ab891-3181-4b34-85be-e8882552765f,Puzzle,5,5.0,6.87
a9c601a5-48a0-4567-b705-9257100c3949,Action Figure,5,1.5,13.62
9e67418a-5ed1-4f82-ad40-6d14684513cd,Board Game,5,2.7,4.38
153b2252-c95e-496c-a23d-c469f7908f18,Board Game,5,3.0,6.27
d2a4d383-798d-4132-a796-163053291bd3,Puzzle,5,4.2,2.24
98b20b88-0a8e-4831-9ea0-c4a530d7e141,Action Figure,5,1.6,2.03
fa105d2d-29dc-4e5b-9fe7-a62f55667dc5,Board Game,5,2.0,13.59
c7f8f7e7-0413-4942-b75f-c9309a1c998f,Doll,5,1.8,9.98
d77fd110-8201-4341-9f9f-3fcf5afe77f2,Board Game,5,3.0,7.13
34485472-c071-4ca4-97df-bb25b2b85913,Action Figure,5,1.1,11.13
3f34c303-a754-4d4b-81d4-b5ab58dcc986,Board Game,5,3.6,12.36
b58180ff-2758-4b67-814c-2855faf53f12,Doll,5,4.4,4.5
a0e6a01d-fafe-4c32-93c0-66215bcad7bc,Action Figure,5,4.9,14.74
9df12024-cbe9-469e-9261-522d75adf6cb,Puzzle,5,2.8,14.04
45e3c49d-2d5e-4b59-8eac-be57189c8d86,Puzzle,5,2.4,8.78
e556fc86-7c7c-4f58-876f-732cd20ff109,Puzzle,5,1.6,5.88
45d5ce91-1ffa-4f56-9f37-7dae8bc4d057,Action Figure,5,1.5,5.93
d0eb14c2-8e6f-421d-a928-6dbbfa201f4b,Action Figure,5,4.1,5.27
51426726-0fce-48b0-bcdb-9908cc59c879,Puzzle,5,1.2,5.3
36225b45-29d6-4c93-a765-d2bd58ee43b1,Puzzle,5,4.4,12.25
02450916-d895-46c9-b1ad-5386556a94e8,Board Game,5,3.7,8.27
7394dd87-97cd-4229-8a41-5f4c0a54d662,Board Game,5,4.3,14.44
392f14a2-b62b-47c0-9a6d-5ec03bd9b535,Board Game,5,2.9,9.66
0f0a23c1-96b0-4363-b096-17d158391690,Action Figure,5,1.9,10.4
e21609cd-da55-4794-8edc-ccce76596a42,Puzzle,5,2.0,7.79
419cbb9e-3ebd-4185-923c-eb4014392328,Board Game,5,3.5,2.31
d3bcb5cb-ce6f-45f7-ac10-f4f2b1e46eb9,Doll,5,2.7,13.72
c193f7fc-3612-46dd-97fb-3575b3836e21,Board Game,5,3.2,9.75
937b3b28-2a7d-4f59-a4c6-a81be973b099,Action Figure,5,2.0,5.9
49fd5dba-30c1-4f44-88fe-e1dece47e37c,Puzzle,5,3.7,4.19
f80d67a6-bc9c-4b0a-bfa5-de33cc09a132,Board Game,5,2.2,2.19
3f7ee9d3-26e2-4339-a584-b08c64fba62b,Board Game,5,4.5,6.95
ca4abb07-a669-425f-ab1e-eb8f62bb8a60,Puzzle,5,2.9,10.14
67678d72-e537-4f85-84fe-49d0667fd1be,Puzzle,5,3.3,13.92
9236c120-1421-4125-a1d6-48a665cbd135,Board Game,5,1.1,9.9
c6563e5f-feab-4ae3-9d96-5ba7307fc406,Puzzle,5,4.9,12.92
a36ca6ee-e827-42ef-90ac-a5aa4908d310,Board Game,5,1.0,10.66
f51c6142-6149-4df1-913f-b5c6b2404730,Puzzle,5,3.5,7.37
9a13b061-d407-4062-beb6-69680bbcdc6a,Puzzle,5,1.3,8.02
442f174a-6dac-435f-b5a2-9bfc4f06ba5f,Puzzle,5,3.7,2.08
dd83937b-ee41-44a9-8507-da566a67647d,Action Figure,5,2.9,2.51
5e6e26a0-bcf6-453b-8f71-01cb2fadea72,Puzzle,5,2.8,9.46
b9bedfb9-7e8d-4c8a-a9ad-24ce45ebfc0c,Board Game,5,3.3,8.62
ca482cd7-b881-462f-944f-c82f5abfd4a5,Board Game,5,1.5,8.84
a5729c80-4435-4d62-82ef-31ef8e9ba075,Board Game,5,3.0,8.72
12e6f9b3-12f4-4e92-8650-026d77cebf64,Board Game,5,2.7,10.42
932a66cf-6da8-4c0d-ace7-90391a834f22,Board Game,5,4.1,9.25
b62e85fb-e9a6-44e3-b96d-3b2ff8f89720,Action Figure,5,4.4,9.0
803412cd-4914-482a-a494-6daedad3072a,Board Game,5,5.0,2.94
c44c8be3-c4f2-4391-95af-8a4651e8fc29,Puzzle,5,4.9,13.4
7ca8fc9e-1e0f-4f93-94f7-be43e4b39169,Board Game,5,2.5,13.62
de01203f-5172-4f78-90a5-deae33f2d2a3,Doll,5,2.5,5.04
af957418-df3a-4152-90e9-ea0764ca4153,Board Game,5,1.4,4.79
0f717c10-832a-456c-bc35-74baa1dc2385,Doll,5,4.1,5.6
7d6f2f06-c4bb-4869-b4e8-6ff151ac8cad,Puzzle,5,3.9,6.81
d784a256-4d40-4769-887f-af5646b3326b,Puzzle,5,5.0,13.43
f95c41b0-5587-4612-ac9a-4693a5ee4b7b,Board Game,5,1.7,4.83
e01e753f-e695-4388-a113-29322da7ff27,Action Figure,5,3.2,7.87
2577a4d8-1766-43f6-9bd0-78c7b9fcd3dc,Puzzle,5,4.3,11.0
cdff5b5f-5264-4178-abbb-6d58e4e67633,Action Figure,5,1.3,11.61
f851eab2-8314-44fb-a792-717a7454745d,Doll,5,3.3,12.07
0f152ac6-206a-4aab-b575-27696c6a524e,Doll,5,2.7,14.87
d061c656-f79e-472e-a986-4ceb8829d5b4,Puzzle,5,3.1,2.37
f229397b-7200-476e-99a0-de95e5091e68,Doll,5,4.2,10.44
3b96da5a-eb9a-4019-a810-5cfc00a418ce,Board Game,5,1.8,14.36
37de3757-173e-45d5-9925-d08abd21fcee,Puzzle,5,4.8,6.18
52c58cef-dd3a-4643-9bc9-4ada82f7db3e,Board Game,5,1.6,7.59
c421bf86-bbab-4011-88bb-a0ecc4bd3a00,Action Figure,5,4.1,14.21
31f7530b-36b5-4dc3-8417-68a422867726,Puzzle,5,4.2,13.5
a6099287-24b5-460e-8c57-71fad2b491a3,Puzzle,5,2.2,11.03
a997beee-6519-49ce-b6fc-708b779c5cd0,Doll,5,3.0,7.68
44a739a6-7083-4997-be22-3122402e70f5,Board Game,5,4.8,14.92
7a3d672a-1ea5-4cf2-b655-5d1e240d2fb8,Puzzle,5,2.7,14.89
6afc0a20-997a-430c-85cc-af34cdbcc2ec,Doll,5,4.3,12.45
3c373616-a38e-4455-8f4b-0f463e6e76ab,Action Figure,5,2.3,10.22
5a20caa1-1c57-4c01-aade-5e918b49a781,Puzzle,5,2.2,8.39
577a10f3-f6ad-4ed5-bd2a-b37eb6f9fc1c,Doll,5,2.1,12.41
9c32b229-4f3a-4771-9353-1094947cd72b,Doll,5,3.0,4.46
b14a6905-b13f-477e-96a8-673adeda67af,Doll,5,4.0,9.35
9cf896b1-b96b-4af9-b079-92c63bdec913,Doll,5,1.9,8.08
7b0b3d06-3800-47fa-9bb4-25adc4b376cd,Board Game,5,3.4,14.42
e78b1055-773f-4c14-8b27-23bc373f866d,Action Figure,5,3.4,8.14
eb71f8d7-1f06-4015-9d11-3296dbf7eb92,Action Figure,5,1.4,13.88
c8cfc3d6-83c1-4533-9802-325f8ab4bc2a,Action Figure,5,2.1,2.53
cbc18b08-7074-4ec1-8643-ad8960454f76,Puzzle,5,1.5,7.37
64f26040-efa5-47a4-b77b-4cb04f165673,Doll,5,3.8,9.96
3a77192f-cc8a-4e08-b3cf-ba00be5df5ad,Board Game,5,1.9,12.33
2ec7ac43-47bd-4a6e-b1eb-866f44c13a67,Board Game,5,3.8,8.19
c81b6203-5210-4148-8d82-ab1b9ecd29d8,Action Figure,5,4.1,10.0
99a7992a-9dbe-4a9b-8af6-c8a8da186dc4,Puzzle,5,1.8,2.95
23570da1-e444-446d-a565-e3b33c55fc36,Action Figure,5,3.4,8.6
98be96bf-586a-4362-bb43-457acc03ebd4,Board Game,5,2.6,6.97
bbfca446-31c1-42a9-9935-ef3d349b0677,Board Game,5,2.4,7.48
9ffccb3a-eddc-462b-bd41-e9c918a3141e,Action Figure,5,2.7,8.03
3d1922a8-3b95-4d50-bca0-c86eb0f1d356,Puzzle,5,3.7,11.74
79c1170e-02b3-4e0a-834a-ba254ce8999e,Action Figure,5,2.5,11.11
de34ff5d-c991-4d40-b997-d62dda05d801,Doll,5,4.8,9.45
67ed9125-f304-4eca-9bc2-2dd9e0d9c9b5,Puzzle,5,3.0,9.97
e41e8780-b48c-488a-a8ba-4af1dde83634,Board Game,5,3.6,3.95
262c54cb-e43e-4f39-9a7b-a34a7e6f96ef,Action Figure,5,4.9,7.94
7376044d-fc22-4a7c-b88e-259685df9112,Puzzle,5,2.4,8.16
621fe8e1-fd50-4fdb-9086-906228218bbe,Board Game,5,3.2,3.16
cbafed32-7f2f-4409-afe6-6b0e2383b3b9,Puzzle,5,3.9,8.35
d08d11d0-2e19-4bdb-a369-464a6873273f,Action Figure,5,4.5,14.05
54c58311-ea80-4630-8081-de45c128daf0,Doll,5,2.0,12.04
8dda4616-c385-4a4d-8575-61f7feba2928,Doll,5,2.6,4.48
e485a0e4-6e18-40b3-89ce-bca90055c914,Doll,5,3.9,11.73
e7d3f310-26c5-4617-9557-31298ea1e19d,Puzzle,5,2.1,7.62
c62a7c1d-285d-49be-be2f-7d4338aacf3d,Action Figure,5,4.7,11.15
73849eb3-4419-4944-b1f2-3ce67f027fab,Board Game,5,2.1,10.39
c5ffb112-ee7c-41e8-ad45-167443ebae87,Doll,5,2.0,2.44
9af12392-dfc3-437d-a220-2dea7c0ccbbd,Board Game,5,3.0,11.96
25bb2c07-b52e-4681-aa0a-37ef7a717791,Puzzle,5,2.2,13.75
d696639d-4b43-4d52-9113-e42b96e4f88f,Puzzle,5,3.0,4.98
e644a21f-8229-4575-9efb-a77c5495b6a7,Board Game,5,1.8,3.06
cd188989-8925-4dad-a9c8-b336342932e0,Board Game,5,4.6,6.01
6ee24b40-2100-4ec1-bf9c-e0abe9d8bd99,Doll,5,3.2,13.06
77936ef1-2ac8-4927-9e24-b94b8352c143,Doll,5,2.9,6.84
5eb5e438-1908-4fc4-8e63-5ae3fc49afe4,Puzzle,5,3.4,11.29
7b2a9a2f-7cc3-4e25-bdf4-e522141d0c2d,Puzzle,5,4.5,8.59
80032917-b4e9-4956-a38a-e13342469f1b,Puzzle,5,1.7,13.89
4ba581f3-305a-4a00-a42a-0a2ba5ac7012,Puzzle,5,1.5,7.31
444745a1-595a-4c82-b023-b987a37774a5,Board Game,5,2.3,9.38
6ef1c676-a057-4b4b-916c-5e53ab27508f,Puzzle,5,1.1,10.77
a9b499cf-f6d5-4a71-8b21-8df72a3a5cb6,Doll,5,3.4,10.34
744449b1-3773-41d4-be75-f2c287e1ef34,Action Figure,5,1.8,8.16
f51ab4a4-bbb0-449e-9756-eb15eaae8219,Board Game,5,3.9,4.29
14b63453-6f66-42ee-bd60-24b31b833437,Action Figure,5,3.9,10.98
0905a2eb-84d5-4125-a853-9019f8bb9357,Board Game,5,3.0,5.17
4b10580c-e3db-4e1f-9d8d-a73b0ee36fa6,Doll,5,3.9,10.1
02cd97d8-8b6f-4152-bc14-758cdb17591e,Doll,5,2.1,5.16
